hpirank,country,year,iso,yearcode,continent,populationthousands,lifeexpectancy,ladderwellbeing,ecofootprint,hpi,biocapacity,gdp
94,Afghanistan,2015,AFG,2015AFG,6,34413.603,63.4,3.982854605,0.705662883,40.10080812,1.61,2068.265904
48,Albania,2015,ALB,2015ALB,7,2890.524,78,4.606650829,2.041462861,47.57418049,1.61,11916.42231
131,United Arab Emirates,2015,ARE,2015ARE,4,9262.896,77.3,6.568397522,9.535821061,32.35232144,1.61,65218.79227
21,Argentina,2015,ARG,2015ARG,1,43075.416,76.1,6.69713068,3.603949653,51.43833804,1.61,23933.88661
72,Armenia,2015,ARM,2015ARM,7,2925.559,74.5,4.34831953,1.937085317,43.89880496,1.61,11321.35576
49,Australia,2015,AUS,2015AUS,2,23932.499,82.8,7.309060574,6.304403015,47.56684669,1.61,47784.17848
52,Austria,2015,AUT,2015AUT,3,8678.667,81.2,7.07644701,5.864231182,47.03133872,1.61,52966.70248
53,Azerbaijan,2015,AZE,2015AZE,7,9622.741,72.3,5.146774769,2.167163086,46.52453921,1.61,14853.91055
132,Burundi,2015,BDI,2015BDI,5,10160.034,60.1,3.122222066,0.631616718,32.24339336,1.61,825.2059856
65,Belgium,2015,BEL,2015BEL,3,11287.931,81,6.904219151,6.245225383,44.62783153,1.61,49613.3651
130,Benin,2015,BEN,2015BEN,5,10575.962,60.6,3.624664307,1.329072738,32.71230513,1.61,2945.973006
102,Burkina Faso,2015,BFA,2015BFA,5,18110.616,59.9,4.418930054,1.171624216,37.83133399,1.61,1925.331225
29,Bangladesh,2015,BGD,2015BGD,6,156256.287,71.5,4.633473873,0.856500731,50.29627986,1.61,3700.111081
93,Bulgaria,2015,BGR,2015BGR,7,7199.739,74.6,4.865401268,3.40871584,40.43299082,1.61,19682.79943
111,Bahrain,2015,BHR,2015BHR,4,1371.853,76.8,6.00737524,6.687148581,36.54810202,1.61,48110.80433
74,Bosnia and Herzegovina,2015,BIH,2015BIH,7,3429.362,76.9,5.117177963,3.362356835,43.60700492,1.61,12671.00801
84,Belarus,2015,BLR,2015BLR,7,9439.424,73.7,5.718907833,4.003956383,42.31306114,1.61,18307.51967
66,Bolivia,2015,BOL,2015BOL,1,10869.732,70.3,5.834329128,3.124304343,44.48356829,1.61,7984.413455
12,Brazil,2015,BRA,2015BRA,1,204471.759,75,6.546896935,2.781374399,54.19507017,1.61,15059.23437
118,Bhutan,2015,BTN,2015BTN,6,727.885,70.4,5.082128525,4.476071522,35.20787353,1.61,10086.19751
128,Botswana,2015,BWA,2015BWA,5,2120.716,67.3,3.761964798,2.495548601,33.07775983,1.61,16714.39782
,Central African Republic,2015,CAF,2015CAF,5,4493.171,50.9,,1.133873961,,1.61,852.7494264
85,Canada,2015,CAN,2015CAN,2,36026.668,82,7.412772655,7.921993139,42.20680019,1.61,47629.51205
7,Switzerland,2015,CHE,2015CHE,3,8296.775,83.1,7.572136879,4.689625556,56.25750342,1.61,65936.62603
27,Chile,2015,CHL,2015CHL,1,17969.356,79.6,6.532749653,4.10930268,50.49039653,1.61,24516.83689
80,China,2015,CHN,2015CHN,8,1406847.868,75.9,5.303877831,3.613343562,42.9910151,1.61,12691.82155
120,Cote d'Ivoire,2015,CIV,2015CIV,5,23226.148,56.1,4.445038795,1.234552189,34.81490026,1.61,4417.151166
96,Cameroon,2015,CMR,2015CMR,5,23298.376,57.6,5.037964821,1.286020207,39.17658912,1.61,3458.6939
113,Congo (Kinshasa),2015,COD,2015COD,5,76244.532,59.3,3.902741671,0.808555575,35.94450865,1.61,1065.24241
83,Congo (Brazzaville),2015,COG,2015COG,5,4856.093,63.1,4.690830231,1.079378685,42.54468175,1.61,5252.154163
2,Colombia,2015,COL,2015COL,1,47520.667,76.5,6.387571812,1.96862671,59.65478682,1.61,14143.70357
,Comoros,2015,COM,2015COM,5,777.435,63.5,,0.988838745,,1.61,2959.539971
1,Costa Rica,2015,CRI,2015CRI,1,4847.805,79.6,6.854004383,2.519102684,61.7462735,1.61,18625.00494
47,Cyprus,2015,CYP,2015CYP,3,1160.987,80.3,5.439161301,3.415136344,47.60420644,1.61,34375.56372
68,Czech Republic,2015,CZE,2015CZE,7,10601.39,78.7,6.608017445,5.504941053,44.39500336,1.61,36283.91103
25,Germany,2015,DEU,2015DEU,3,81787.411,80.8,7.037137508,4.864903075,50.7113199,1.61,51247.06555
69,Denmark,2015,DNK,2015DNK,3,5688.695,80.5,7.514424801,7.145140815,44.20832842,1.61,53061.54437
30,Dominican Republic,2015,DOM,2015DOM,1,10281.675,73.2,5.061862469,1.633445779,49.72229954,1.61,15328.35206
19,Algeria,2015,DZA,2015DZA,4,39728.02,76.1,5.847876072,2.516409986,52.05948199,1.61,11696.96376
6,Ecuador,2015,ECU,2015ECU,1,16212.022,76.1,5.964075089,1.904908167,56.73102,1.61,11896.37663
63,Egypt,2015,EGY,2015EGY,4,92442.549,71.3,4.762538433,1.875143286,44.82085516,1.61,10570.44546
17,Spain,2015,ESP,2015ESP,3,46671.919,83,6.380663395,3.929249872,52.84710679,1.61,37496.42147
122,Estonia,2015,EST,2015EST,7,1315.33,77.8,5.628908634,7.027994729,34.42629032,1.61,31246.23394
76,Ethiopia,2015,ETH,2015ETH,5,100835.453,65,4.573154926,1.059856419,43.36953047,1.61,1779.084023
34,Finland,2015,FIN,2015FIN,3,5481.128,81.2,7.447925568,5.769722671,49.33257044,1.61,45108.9916
39,France,2015,FRA,2015FRA,3,64453.194,82.2,6.357625008,4.662123295,48.6826246,1.61,43484.23872
108,Gabon,2015,GAB,2015GAB,5,1947.69,64.9,4.66101265,2.395218511,37.21436962,1.61,15510.0708
32,United Kingdom,2015,GBR,2015GBR,3,65860.149,81.1,6.515445232,4.543905349,49.39438329,1.61,44893.73978
91,Georgia,2015,GEO,2015GEO,7,4024.18,73,4.121940613,1.964982486,41.19047581,1.61,12605.14007
126,Ghana,2015,GHA,2015GHA,5,27849.203,62.8,3.985916138,2.001901143,33.53668329,1.61,4670.431623
135,Guinea,2015,GIN,2015GIN,5,11432.096,59.6,3.504693508,1.560901579,30.41397624,1.61,2087.784046
59,Greece,2015,GRC,2015GRC,3,10659.737,81.5,5.622519016,4.164361203,46.06999201,1.61,28678.88087
4,Guatemala,2015,GTM,2015GTM,1,16252.425,73.3,6.464986801,1.841373041,58.29211188,1.61,8125.364862
,Hong Kong,2015,HKG,2015HKG,8,7185.992,84,5.478235722,,,1.61,57215.9704
31,Honduras,2015,HND,2015HND,1,9112.904,74.5,4.845436573,1.586166564,49.45467831,1.61,5283.409956
79,Croatia,2015,HRV,2015HRV,7,4232.874,77.9,5.205438137,3.739903864,43.12976486,1.61,24640.85097
110,Haiti,2015,HTI,2015HTI,1,10695.54,62.5,3.569762468,0.648546238,36.87488828,1.61,2941.815531
71,Hungary,2015,HUN,2015HUN,7,9777.925,76,5.34438324,3.44843684,44.02126767,1.61,27587.13548
46,Indonesia,2015,IDN,2015IDN,8,258383.257,70.8,5.04279995,1.608902514,47.8746162,1.61,10149.60391
70,India,2015,IND,2015IND,6,1310152.392,68.6,4.342079163,1.132968675,44.10126332,1.61,5454.347104
38,Ireland,2015,IRL,2015IRL,3,4652.42,81.3,6.830125332,5.115699003,48.80178696,1.61,71173.51565
89,Iran,2015,IRN,2015IRN,4,78492.208,75.8,4.749955654,3.200017713,41.36126242,1.61,12698.10807
82,Iraq,2015,IRQ,2015IRQ,4,35572.269,69.9,4.493377209,1.771564034,42.56272307,1.61,10310.68002
,Iceland,2015,ISL,2015ISL,3,330.237,82.5,7.498070717,,,1.61,51471.02158
40,Israel,2015,ISR,2015ISR,4,7978.496,82.3,7.07941103,5.665343436,48.53490883,1.61,37687.74748
50,Italy,2015,ITA,2015ITA,3,60578.489,82.8,5.847683907,4.3765207,47.31775428,1.61,40376.35073
11,Jamaica,2015,JAM,2015JAM,1,2891.024,74.1,5.5036122,1.520201786,54.37250794,1.61,9470.797195
23,Jordan,2015,JOR,2015JOR,4,9266.573,74.1,5.404593468,1.893776444,51.22810441,1.61,10145.83449
44,Japan,2015,JPN,2015JPN,8,127985.139,83.9,5.879684448,4.437556634,47.93934159,1.61,39900.75492
116,Kazakhstan,2015,KAZ,2015KAZ,7,17572.01,71.3,5.949995041,5.882587608,35.56350402,1.61,24290.41763
88,Kenya,2015,KEN,2015KEN,5,47878.339,64.8,4.357617855,1.057958759,41.76008859,1.61,3824.759543
54,Kyrgyzstan,2015,KGZ,2015KGZ,7,5959.126,70.9,4.905375957,1.736587192,46.26285961,1.61,4805.141092
86,Cambodia,2015,KHM,2015KHM,8,15521.435,68.6,4.162164688,1.281823523,41.98964735,1.61,3543.703553
92,South Korea,2015,KOR,2015KOR,8,50823.087,82.1,5.780211449,5.797080901,41.0529808,1.61,38974.0041
133,Kuwait,2015,KWT,2015KWT,4,3835.588,75.1,6.146031857,8.436236055,31.98476069,1.61,54834.25119
,Laos,2015,LAO,2015LAO,8,6741.16,66.5,,1.74692341,,1.61,6543.666806
62,Lebanon,2015,LBN,2015LBN,4,6532.681,78.8,5.171971321,3.406617642,44.96997611,1.61,16299.21525
138,Liberia,2015,LBR,2015LBR,5,4472.229,62.3,2.701591253,1.17641039,28.5885113,1.61,1580.478874
90,Libya,2015,LBY,2015LBY,4,6418.315,72.1,5.615404606,3.88207529,41.19857575,1.61,11022.42921
33,Sri Lanka,2015,LKA,2015LKA,6,20908.024,76.3,4.611606598,1.540621456,49.35841678,1.61,11890.51618
,Lesotho,2015,LSO,2015LSO,5,2059.011,51,,1.243638624,,1.61,2727.120651
103,Lithuania,2015,LTU,2015LTU,7,2931.872,74.9,5.711378098,5.461260085,37.75359151,1.61,30846.43781
137,Luxembourg,2015,LUX,2015LUX,3,566.741,81.6,6.701571465,12.75793434,29.01207818,1.61,110798.7362
112,Latvia,2015,LVA,2015LVA,7,1997.675,74.7,5.880597591,6.16647606,36.31080676,1.61,26706.26276
22,Morocco,2015,MAR,2015MAR,4,34663.608,75.7,5.163156986,1.789557021,51.40795506,1.61,7129.68627
8,Moldova,2015,MDA,2015MDA,7,4070.705,71.5,6.017472267,1.530720247,55.76270768,1.61,10360.82959
106,Madagascar,2015,MDG,2015MDG,5,24234.08,65.5,3.592514038,0.927791747,37.70188054,1.61,1546.766536
14,Mexico,2015,MEX,2015MEX,1,121858.251,74.9,6.236287117,2.531891089,53.59353453,1.61,19332.07427
81,North Macedonia,2015,MKD,2015MKD,7,2079.335,75.4,4.975589752,3.157434727,42.68560487,1.61,15121.12307
117,Mali,2015,MLI,2015MLI,5,17438.772,57.5,4.582098484,1.479868195,35.53292792,1.61,2139.735561
45,Malta,2015,MLT,2015MLT,3,433.559,81.9,6.61339426,5.141045998,47.88916061,1.61,39862.53107
98,Myanmar,2015,MMR,2015MMR,8,52680.724,65.8,4.223846436,1.647427119,38.54776205,1.61,4268.500515
87,Montenegro,2015,MNE,2015MNE,7,626.957,76.5,5.124921322,3.712395724,41.89296266,1.61,18321.89756
139,Mongolia,2015,MNG,2015MNG,8,2998.433,69.1,4.982719898,7.323417564,26.91293083,1.61,11022.95648
99,Mozambique,2015,MOZ,2015MOZ,5,27042.001,57.2,4.549767494,0.794238931,38.48049333,1.61,1262.613081
129,Mauritania,2015,MRT,2015MRT,5,4046.304,63.9,3.922664165,2.268294251,32.82463887,1.61,5127.436084
64,Mauritius,2015,MUS,2015MUS,5,1259.457,74.5,5.628891706,3.444039124,44.73934336,1.61,19897.4754
107,Malawi,2015,MWI,2015MWI,5,16745.305,62,3.86763835,0.851668057,37.48073827,1.61,1027.229606
51,Malaysia,2015,MYS,2015MYS,8,30270.965,75.5,6.322121143,3.913004379,47.3134855,1.61,24787.8262
109,Namibia,2015,NAM,2015NAM,5,2314.901,62.1,4.529762904,1.825591307,37.0056706,1.61,10487.50002
134,Niger,2015,NER,2015NER,5,20001.663,60.6,3.671453714,1.633603934,31.74591484,1.61,1132.331205
114,Nigeria,2015,NGA,2015NGA,5,181137.454,53.1,4.932914734,1.089426287,35.8888557,1.61,5514.770455
5,Nicaragua,2015,NIC,2015NIC,1,6223.234,73.6,5.924112797,1.498266138,57.16899761,1.61,5630.397464
28,Netherlands,2015,NLD,2015NLD,3,16938.492,81.7,7.324437141,5.422548045,50.45889694,1.61,53143.29965
26,Norway,2015,NOR,2015NOR,3,5199.827,81.9,7.603433609,5.754590367,50.67855619,1.61,63188.66728
35,Nepal,2015,NPL,2015NPL,6,27015.033,69.5,4.812436581,0.962500331,49.28776969,1.61,2911.548304
15,New Zealand,2015,NZL,2015NZL,2,4614.527,81.7,7.418120861,4.925947837,53.20181426,1.61,41106.7184
43,Pakistan,2015,PAK,2015PAK,6,199426.953,66.6,4.823194981,0.791605196,48.10268146,1.61,4278.346427
3,Panama,2015,PAN,2015PAN,1,3968.49,77.8,6.605550289,2.353808081,59.61897837,1.61,28436.35983
24,Peru,2015,PER,2015PER,1,30470.739,75.8,5.577263355,2.371760991,50.85814263,1.61,12110.26888
10,Philippines,2015,PHL,2015PHL,8,102113.206,70.6,5.547489166,1.136656153,54.40935611,1.61,7300.135781
56,Poland,2015,POL,2015POL,7,38034.076,77.9,6.007021904,4.115993292,46.22308935,1.61,27885.80961
75,Portugal,2015,PRT,2015PRT,3,10368.346,81.2,5.080866337,3.94438521,43.53658371,1.61,31218.13566
60,Paraguay,2015,PRY,2015PRY,1,6688.746,73.7,5.559724331,2.966967429,46.02595075,1.61,11810.42797
16,"Palestine, State of",2015,PSE,2015PSE,4,4529.16,73.4,4.695239067,0.774529355,52.9289479,1.61,6048.976597
140,Qatar,2015,QAT,2015QAT,4,2565.708,79.8,6.374529362,14.58434634,24.87044297,1.61,95965.17643
37,Romania,2015,ROU,2015ROU,7,19925.182,75.5,5.777491093,2.931425287,48.85549262,1.61,23954.3959
101,Russia,2015,RUS,2015RUS,7,144985.059,71.5,5.995538712,5.178031955,38.06952237,1.61,25566.28763
95,Rwanda,2015,RWA,2015RWA,5,11369.066,67.5,3.483108997,0.686465198,39.61006104,1.61,1889.157275
97,Saudi Arabia,2015,SAU,2015SAU,4,31717.676,74.7,6.345491886,5.990331797,39.01627851,1.61,48921.22913
,Sudan,2015,SDN,2015SDN,5,38902.948,64.4,,1.306620824,,1.61,4191.823461
67,Senegal,2015,SEN,2015SEN,5,14578.45,66.7,4.61700058,1.152577572,44.45649306,1.61,2966.453516
73,Singapore,2015,SGP,2015SGP,8,5592.143,82.9,6.619524956,6.4393368,43.65209629,1.61,89366.30789
115,Sierra Leone,2015,SLE,2015SLE,5,7171.909,52.9,4.908617973,1.052693655,35.76663953,1.61,1551.822009
13,El Salvador,2015,SLV,2015SLV,1,6325.121,72.4,6.018496037,1.954985131,53.68541181,1.61,8143.016917
57,Serbia,2015,SRB,2015SRB,7,8876.777,75.3,5.317685127,2.855840383,46.18605787,1.61,15627.94862
55,Slovakia,2015,SVK,2015SVK,7,5435.614,76.8,6.162004471,4.145402606,46.24839464,1.61,28767.60276
77,Slovenia,2015,SVN,2015SVN,7,2071.199,80.7,5.740642071,4.869947718,43.36917874,1.61,33912.92825
42,Sweden,2015,SWE,2015SWE,3,9764.949,82.3,7.28892231,6.04098689,48.15009952,1.61,51091.58922
,Eswatini,2015,SWZ,2015SWZ,5,1104.038,55.4,,1.980561544,,1.61,8304.613326
136,Chad,2015,TCD,2015TCD,5,14110.971,53.1,4.322675228,1.725248801,29.95960257,1.61,1857.107337
123,Togo,2015,TGO,2015TGO,5,7323.162,59.9,3.768301964,1.078348985,34.23152633,1.61,1447.229049
9,Thailand,2015,THA,2015THA,8,68714.519,76.1,6.201762676,2.442232465,54.87633155,1.61,16301.53809
18,Tajikistan,2015,TJK,2015TJK,7,8454.019,70.1,5.124210835,0.877953739,52.70636418,1.61,2821.656311
124,Turkmenistan,2015,TKM,2015TKM,7,5565.283,67.7,5.791460037,5.399333895,34.19830863,1.61,12993.52247
,Trinidad and Tobago,2015,TTO,2015TTO,1,1370.332,72.9,,7.110527688,,1.61,29182.57065
36,Tunisia,2015,TUN,2015TUN,4,11179.951,75.9,5.131611824,2.152264003,49.15310868,1.61,10519.73939
58,Turkey,2015,TUR,2015TUR,4,78529.413,76.5,5.514465332,3.281165573,46.16614895,1.61,26041.52835
,Taiwan,2015,TWN,2015TWN,8,23557.473,79.7495,6.450088024,,,1.61,#N/A
121,Tanzania,2015,TZA,2015TZA,5,51482.638,63.1,3.660597324,1.354596322,34.48131845,1.61,2354.139221
100,Uganda,2015,UGA,2015UGA,5,38225.447,61.4,4.237686634,1.075465705,38.30611876,1.61,2054.090126
104,Ukraine,2015,UKR,2015UKR,7,44921.636,71.5,3.964542866,2.278177551,37.73761847,1.61,11237.07446
,Uruguay,2015,URY,2015URY,1,3412.013,77.4,6.628080368,,,1.61,20588.39312
105,United States of America,2015,USA,2015USA,2,320878.312,78.9,6.863946915,8.068903862,37.71290626,1.61,58509.58354
20,Uzbekistan,2015,UZB,2015UZB,7,30929.556,70.9,5.972364426,1.983254491,51.94984692,1.61,6086.715742
61,Venezuela,2015,VEN,2015VEN,1,30081.827,72.6,5.568800449,2.838176968,45.93564945,1.61,..
41,Vietnam,2015,VNM,2015VNM,8,92677.082,75.1,5.076315403,2.121977798,48.35691874,1.61,6438.260271
,Vanuatu,2015,VUT,2015VUT,8,271.128,69.9,6.631873439,,,1.61,3037.784742
119,Yemen,2015,YEM,2015YEM,4,26497.881,66.1,2.982673883,0.708112521,34.866719,1.61,..
127,South Africa,2015,ZAF,2015ZAF,5,55386.369,62.6,4.887325764,3.302355293,33.46703325,1.61,12840.0354
78,Zambia,2015,ZMB,2015ZMB,5,15879.37,61.7,4.843164444,0.932807649,43.26301794,1.61,3443.555206
125,Zimbabwe,2015,ZWE,2015ZWE,5,13814.642,59.5,3.70319128,1.059412767,33.6325062,1.61,2958.209004
83,Afghanistan,2016,AFG,2016AFG,6,35383.028,63.8,4.220168591,0.701342232,42.04274923,1.6,2057.062164
50,Albania,2016,ALB,2016ALB,7,2886.427,78.2,4.511100769,1.958895085,47.42776412,1.6,12331.12775
121,United Arab Emirates,2016,ARE,2016ARE,4,9360.975,77.5,6.83095026,8.81626146,34.98120005,1.6,66510.86746
24,Argentina,2016,ARG,2016ARG,1,43508.459,76.2,6.427221298,3.191666261,51.99075157,1.6,23189.52745
72,Armenia,2016,ARM,2016ARM,7,2936.147,74.6,4.325471878,1.864460043,44.13751633,1.6,11303.0717
52,Australia,2016,AUS,2016AUS,2,24262.71,83,7.250080109,6.42539913,46.88539264,1.6,48347.03166
51,Austria,2016,AUT,2016AUT,3,8747.306,81.3,7.048071861,5.851399947,46.93854373,1.6,53439.41395
41,Azerbaijan,2016,AZE,2016AZE,7,9736.041,72.5,5.303894997,1.957670423,48.84719645,1.6,14238.78414
128,Burundi,2016,BDI,2016BDI,5,10488.002,60.5,3.339909077,0.660994808,33.79186488,1.6,794.6045744
65,Belgium,2016,BEL,2016BEL,3,11354.407,81.1,6.948936462,6.235419323,44.89112374,1.6,49988.07943
123,Benin,2016,BEN,2016BEN,5,10872.072,60.9,4.007357597,1.463542632,34.61954904,1.6,2961.441778
109,Burkina Faso,2016,BFA,2016BFA,5,18646.35,60.4,4.205634594,1.138078772,36.99844683,1.6,1981.426838
35,Bangladesh,2016,BGD,2016BGD,6,157977.151,71.8,4.5561409,0.811499079,50.19169361,1.6,3920.301119
95,Bulgaria,2016,BGR,2016BGR,7,7151.948,74.7,4.837560654,3.440644829,40.14805243,1.6,20578.59751
131,Bahrain,2016,BHR,2016BHR,4,1425.793,76.9,6.169673443,8.737183945,32.24323174,1.6,47937.77631
80,Bosnia and Herzegovina,2016,BIH,2016BIH,7,3386.263,77,5.180865288,3.616624633,42.88989601,1.6,13236.45206
96,Belarus,2016,BLR,2016BLR,7,9445.638,74,5.177899361,3.92232532,39.76507471,1.6,17822.60659
70,Bolivia,2016,BOL,2016BOL,1,11031.822,70.6,5.769723415,3.127037545,44.25669116,1.6,8202.550925
16,Brazil,2016,BRA,2016BRA,1,206163.056,75.2,6.374817371,2.679956558,53.78350082,1.6,14446.41281
,Bhutan,2016,BTN,2016BTN,6,736.706,70.8,,4.520954232,,1.6,10775.14643
132,Botswana,2016,BWA,2016BWA,5,2159.925,68.2,3.498936653,2.675328146,31.3556357,1.6,17117.12222
140,Central African Republic,2016,CAF,2016CAF,5,4537.683,51.6,2.693061113,1.164323601,22.34825123,1.6,884.4944169
92,Canada,2016,CAN,2016CAN,2,36382.942,82.1,7.244845867,8.147206425,40.8171384,1.6,47564.81088
8,Switzerland,2016,CHE,2016CHE,3,8379.915,83.3,7.458519936,4.600744924,56.11937518,1.6,66344.07481
31,Chile,2016,CHL,2016CHL,1,18209.072,79.8,6.579056263,4.111787612,50.82981708,1.6,24608.06503
75,China,2016,CHN,2016CHN,8,1414049.353,76.2,5.32495594,3.561086011,43.48180178,1.6,13487.82248
114,Cote d'Ivoire,2016,CIV,2016CIV,5,23822.726,56.6,4.542545795,1.256956665,35.60724689,1.6,4615.711582
104,Cameroon,2016,CMR,2016CMR,5,23926.549,58.1,4.816232204,1.33204428,37.99550162,1.6,3524.444514
94,Congo (Kinshasa),2016,COD,2016COD,5,78789.13,59.7,4.521935463,0.771842844,40.4038578,1.6,1055.572955
97,Congo (Brazzaville),2016,COG,2016COG,5,4980.996,63.6,4.119493484,1.086581587,39.05896825,1.6,4598.656999
3,Colombia,2016,COL,2016COL,1,48175.048,76.7,6.233715057,2.041412426,58.1467944,1.6,14242.80689
,Comoros,2016,COM,2016COM,5,795.597,63.7,,1.230996595,,1.6,2987.989053
1,Costa Rica,2016,CRI,2016CRI,1,4899.336,79.7,7.135617733,2.710142521,62.37983287,1.6,19211.56676
39,Cyprus,2016,CYP,2016CYP,3,1170.189,80.5,5.794618607,3.594506579,49.05419209,1.6,36526.81906
63,Czech Republic,2016,CZE,2016CZE,7,10618.868,78.9,6.735627174,5.536453224,45.00467855,1.6,37133.15493
34,Germany,2016,DEU,2016DEU,3,82193.77,80.9,6.873763084,4.762096813,50.26092251,1.6,51968.67654
61,Denmark,2016,DNK,2016DNK,3,5711.346,80.6,7.55778265,6.916156244,45.17885125,1.6,54358.03363
30,Dominican Republic,2016,DOM,2016DOM,1,10397.738,73.5,5.238698483,1.682617518,50.84355559,1.6,16166.60375
37,Algeria,2016,DZA,2016DZA,4,40551.398,76.3,5.340853691,2.35779786,49.64701731,1.6,11826.16467
2,Ecuador,2016,ECU,2016ECU,1,16491.116,76.4,6.115437508,1.691060743,59.5325466,1.6,11551.61667
71,Egypt,2016,EGY,2016EGY,4,94447.071,71.5,4.556740761,1.753555862,44.17219302,1.6,10795.80863
26,Spain,2016,ESP,2016ESP,3,46634.131,83.1,6.318612099,4.056278297,51.82363812,1.6,38600.44682
122,Estonia,2016,EST,2016EST,7,1316.507,78.1,5.649675369,7.026632994,34.629869,1.6,32232.92164
84,Ethiopia,2016,ETH,2016ETH,5,103603.461,65.5,4.297848701,1.022719119,42.03016388,1.6,1894.896632
40,Finland,2016,FIN,2016FIN,3,5497.714,81.4,7.659843445,6.14548749,48.99474076,1.6,46244.1052
32,France,2016,FRA,2016FRA,3,64667.59,82.3,6.475208759,4.42894984,50.43392161,1.6,43844.7477
98,Gabon,2016,GAB,2016GAB,5,2007.882,65.4,4.831764221,2.312826415,38.85935188,1.6,15359.80924
23,United Kingdom,2016,GBR,2016GBR,3,66297.944,81.1,6.8242836,4.32868698,52.14458882,1.6,45409.41756
77,Georgia,2016,GEO,2016GEO,7,4015.457,73.2,4.448386192,2.052957638,43.04600412,1.6,12963.74396
110,Ghana,2016,GHA,2016GHA,5,28481.947,63.1,4.514411449,1.972134304,36.91534815,1.6,4724.125116
134,Guinea,2016,GIN,2016GIN,5,11738.434,60.2,3.602854729,1.614086462,31.12473456,1.6,2253.478244
69,Greece,2016,GRC,2016GRC,3,10615.183,81.7,5.302619457,4.117237054,44.40699922,1.6,28743.41723
4,Guatemala,2016,GTM,2016GTM,1,16583.079,73.5,6.358916283,1.839335755,57.67299232,1.6,8205.754475
,Hong Kong,2016,HKG,2016HKG,8,7243.541,84.3,5.498420715,,,1.6,58096.28339
9,Honduras,2016,HND,2016HND,1,9270.794,74.7,5.648154736,1.538380265,55.73818967,1.6,5395.613969
74,Croatia,2016,HRV,2016HRV,7,4208.611,78,5.416875362,3.902592041,43.70496939,1.6,25681.55207
115,Haiti,2016,HTI,2016HTI,1,10839.976,62.9,3.352300167,0.65225687,35.58263314,1.6,2952.618729
76,Hungary,2016,HUN,2016HUN,7,9752.97,76.3,5.448901653,3.783801361,43.31716346,1.6,28260.77661
44,Indonesia,2016,IDN,2016IDN,8,261556.386,71,5.136325359,1.620646723,48.5456262,1.6,10531.19794
78,India,2016,IND,2016IND,6,1324517.25,68.9,4.179177284,1.146932709,43.02898423,1.6,5840.670229
33,Ireland,2016,IRL,2016IRL,3,4695.79,81.6,7.04073143,5.041625359,50.42761852,1.6,72962.8507
91,Iran,2016,IRN,2016IRN,4,79563.991,76,4.652730942,3.15587854,41.02257135,1.6,14205.20717
82,Iraq,2016,IRQ,2016IRQ,4,36610.632,70.1,4.412537098,1.734939452,42.29979124,1.6,11542.26426
,Iceland,2016,ISL,2016ISL,3,332.209,82.6,7.510034561,,,1.6,54125.48067
19,Israel,2016,ISR,2016ISR,4,8108.984,82.5,7.159010887,4.771553354,52.95537866,1.6,38427.74095
46,Italy,2016,ITA,2016ITA,3,60663.068,83,5.95452404,4.326680767,48.25081043,1.6,40968.14304
10,Jamaica,2016,JAM,2016JAM,1,2906.242,74.2,5.696685632,1.60550902,55.20347421,1.6,9550.810094
36,Jordan,2016,JOR,2016JOR,4,9554.286,74.2,5.27128458,1.995216108,49.70275016,1.6,10039.50576
45,Japan,2016,JPN,2016JPN,8,127763.267,84.1,5.954650879,4.464446398,48.33973477,1.6,40155.28071
125,Kazakhstan,2016,KAZ,2016KAZ,7,17830.902,72.1,5.533551693,5.8496004,34.15479972,1.6,24210.86296
81,Kenya,2016,KEN,2016KEN,5,49051.531,65.4,4.396127701,0.997617888,42.77505281,1.6,3952.745641
53,Kyrgyzstan,2016,KGZ,2016KGZ,7,6074.327,71.1,4.856534004,1.684128381,46.32117641,1.6,4912.382483
73,Cambodia,2016,KHM,2016KHM,8,15766.29,69,4.461259365,1.330308969,44.04312192,1.6,3733.955498
85,South Korea,2016,KOR,2016KOR,8,50983.446,82.4,5.970564365,5.927906679,41.72344712,1.6,39963.61047
133,Kuwait,2016,KWT,2016KWT,4,3956.862,75.2,5.947194576,8.439226413,31.2002207,1.6,54708.70268
,Laos,2016,LAO,2016LAO,8,6845.848,66.9,,1.850226676,,1.6,6896.129388
58,Lebanon,2016,LBN,2016LBN,4,6714.281,78.8,5.27072382,3.375625868,45.67735347,1.6,16108.50408
129,Liberia,2016,LBR,2016LBR,5,4586.788,62.8,3.354676008,1.138004336,33.23599467,1.6,1516.355714
87,Libya,2016,LBY,2016LBY,4,6492.16,72.3,5.43358326,3.584012617,41.48335513,1.6,10592.42442
42,Sri Lanka,2016,LKA,2016LKA,6,21021.177,76.5,4.471276045,1.510298522,48.57545597,1.6,12287.47271
138,Lesotho,2016,LSO,2016LSO,5,2075.041,52.1,3.808204889,1.331656951,28.01152779,1.6,2842.698609
99,Lithuania,2016,LTU,2016LTU,7,2889.555,75.2,5.865552425,5.42216635,38.76692009,1.6,32027.80742
136,Luxembourg,2016,LUX,2016LUX,3,579.266,81.8,6.967340946,12.7564273,29.94113103,1.6,113396.7538
111,Latvia,2016,LVA,2016LVA,7,1974.265,74.9,5.940446377,6.220245929,36.49648773,1.6,27590.98338
14,Morocco,2016,MAR,2016MAR,4,35126.274,76,5.38630724,1.661657846,54.03605083,1.6,7109.242906
27,Moldova,2016,MDA,2016MDA,7,4066.013,71.6,5.577784061,1.704609444,51.55072489,1.6,10942.55087
103,Madagascar,2016,MDG,2016MDG,5,24894.37,65.9,3.663085938,0.92524314,38.44090988,1.6,1565.866924
5,Mexico,2016,MEX,2016MEX,1,123333.379,74.9,6.824172974,2.565252482,57.15920886,1.6,19603.30887
54,North Macedonia,2016,MKD,2016MKD,7,2080.746,75.5,5.34574604,2.896622876,46.2416857,1.6,15541.21281
130,Mali,2016,MLI,2016MLI,5,17965.448,58,4.016027927,1.467639292,32.65902655,1.6,2198.562706
56,Malta,2016,MLT,2016MLT,3,436.099,82.1,6.590842247,5.653807741,45.79585328,1.6,40476.6286
89,Myanmar,2016,MMR,2016MMR,8,53045.199,66.2,4.623119831,1.684802906,41.14836783,1.6,4482.924518
79,Montenegro,2016,MNE,2016MNE,7,627.271,76.6,5.304066181,3.707825723,42.98068696,1.6,18857.90297
139,Mongolia,2016,MNG,2016MNG,8,3056.358,69.3,5.056999683,7.621831436,26.68082725,1.6,10940.41507
102,Mozambique,2016,MOZ,2016MOZ,5,27829.93,58.3,4.414815426,0.771077498,38.59457063,1.6,1273.783084
113,Mauritania,2016,MRT,2016MRT,5,4163.532,64.2,4.472149372,2.356836308,35.77782322,1.6,5045.8943
68,Mauritius,2016,MUS,2016MUS,5,1261.87,74.6,5.610003471,3.485270099,44.45301295,1.6,20646.933
118,Malawi,2016,MWI,2016MWI,5,17205.253,62.7,3.476492643,0.834487971,35.38943639,1.6,1024.601072
59,Malaysia,2016,MYS,2016MYS,8,30684.652,75.6,5.994353294,3.869577177,45.64232251,1.6,25541.64399
126,Namibia,2016,NAM,2016NAM,5,2358.044,62.6,4.485534509,2.550851501,34.04333668,1.6,10266.74525
116,Niger,2016,NER,2016NER,5,20788.789,61.1,4.234645844,1.599893413,35.51831581,1.6,1151.655159
105,Nigeria,2016,NGA,2016NGA,5,185960.244,53.5,5.219567776,1.065062377,37.89295421,1.6,5284.891949
7,Nicaragua,2016,NIC,2016NIC,1,6303.97,73.9,6.012739658,1.754731864,56.1793593,1.6,5811.910595
17,Netherlands,2016,NLD,2016NLD,3,16981.285,81.9,7.540877342,4.985808928,53.68594754,1.6,54019.80035
25,Norway,2016,NOR,2016NOR,3,5250.95,82,7.596331596,5.467441028,51.87219257,1.6,63305.60402
29,Nepal,2016,NPL,2016NPL,6,27263.43,69.8,5.099539757,1.041023037,51.05097307,1.6,2902.249217
12,New Zealand,2016,NZL,2016NZL,2,4659.265,81.9,7.225687981,4.471543489,54.37656561,1.6,41671.90256
18,Pakistan,2016,PAK,2016PAK,6,203631.356,66.8,5.548508167,0.824596542,53.22461771,1.6,4421.670349
6,Panama,2016,PAN,2016PAN,1,4037.073,78,6.117638111,2.260211915,56.93162189,1.6,29337.88139
20,Peru,2016,PER,2016PER,1,30926.036,76,5.700628757,2.22869112,52.63961877,1.6,12403.68875
21,Philippines,2016,PHL,2016PHL,8,103663.812,70.8,5.430832863,1.311292302,52.443902,1.6,7705.045222
55,Poland,2016,POL,2016POL,7,37989.218,78.1,6.162076473,4.349812156,46.16811923,1.6,28774.2728
57,Portugal,2016,PRT,2016PRT,3,10325.54,81.4,5.446637154,3.968619361,45.74078356,1.6,31949.20921
48,Paraguay,2016,PRY,2016PRY,1,6777.878,73.8,5.801380157,2.890093677,47.91831036,1.6,12157.80061
11,"Palestine, State of",2016,PSE,2016PSE,4,4635.644,73.6,4.906618118,0.756118455,54.86205981,1.6,6438.93364
,Qatar,2016,QAT,2016QAT,4,2654.379,79.9,,14.21852259,,1.6,95601.9874
38,Romania,2016,ROU,2016ROU,7,19796.28,75.6,5.96887064,3.028765191,49.55906318,1.6,25225.26379
107,Russia,2016,RUS,2016RUS,7,145275.374,71.8,5.85494566,5.190674842,37.48104911,1.6,25568.90779
101,Rwanda,2016,RWA,2016RWA,5,11668.829,67.9,3.332989931,0.689257275,38.70454113,1.6,1950.528104
86,Saudi Arabia,2016,SAU,2016SAU,4,32443.443,74.8,6.473921299,5.411623376,41.57445544,1.6,48627.1493
,Sudan,2016,SDN,2016SDN,5,39847.433,64.7,,1.37715515,,1.6,4284.811056
66,Senegal,2016,SEN,2016SEN,5,14993.514,67.1,4.59453392,1.102542084,44.85430544,1.6,3067.662712
90,Singapore,2016,SGP,2016SGP,8,5653.625,83.1,6.033480644,6.324792215,41.12248981,1.6,91075.53531
117,Sierra Leone,2016,SLE,2016SLE,5,7328.846,53.4,4.732953072,0.989760192,35.44928688,1.6,1610.552727
13,El Salvador,2016,SLV,2016SLV,1,6356.137,72.6,6.139824867,2.003133136,54.29450265,1.6,8309.630336
43,Serbia,2016,SRB,2016SRB,7,8853.963,75.5,5.752754688,2.945289678,48.5659779,1.6,16234.49818
60,Slovakia,2016,SVK,2016SVK,7,5442.001,77,5.993163109,4.148562599,45.34959148,1.6,29343.28297
67,Slovenia,2016,SVN,2016SVN,7,2074.205,80.9,5.936821461,4.869526398,44.53491409,1.6,34969.77263
47,Sweden,2016,SWE,2016SWE,3,9836.003,82.4,7.368744373,6.131761144,48.2140206,1.6,51498.35302
,Eswatini,2016,SWZ,2016SWZ,5,1113.994,57,,1.813382667,,1.6,8321.10661
137,Chad,2016,TCD,2016TCD,5,14561.658,53.4,4.029350281,1.754370026,28.52399341,1.6,1687.052642
119,Togo,2016,TGO,2016TGO,5,7509.952,60.2,3.878578424,1.05384781,35.20649964,1.6,1489.683845
15,Thailand,2016,THA,2016THA,8,68971.313,76.4,6.07363987,2.483871661,53.9310042,1.6,16797.7721
22,Tajikistan,2016,TJK,2016TJK,7,8663.575,70.4,5.103721142,0.938113355,52.31128953,1.6,2942.647962
120,Turkmenistan,2016,TKM,2016TKM,7,5662.371,67.8,5.887051582,5.262398327,35.04876278,1.6,13562.52608
,Trinidad and Tobago,2016,TTO,2016TTO,1,1377.563,73.1,,7.821044834,,1.6,27201.46855
64,Tunisia,2016,TUN,2016TUN,4,11303.942,76.1,4.521453381,2.15384163,44.99366706,1.6,10524.99351
62,Turkey,2016,TUR,2016TUR,4,79827.868,76.9,5.326221943,3.301411187,45.1192084,1.6,26471.28695
,Taiwan,2016,TWN,2016TWN,8,23618.201,79.9362,6.512850761,,,1.6,#N/A
135,Tanzania,2016,TZA,2016TZA,5,53049.231,63.8,2.90273428,1.162798537,30.79859938,1.6,2441.565214
100,Uganda,2016,UGA,2016UGA,5,39649.173,62,4.233261108,1.059253532,38.76208933,1.6,2075.098911
112,Ukraine,2016,UKR,2016UKR,7,44713.708,71.7,4.028690338,2.785184675,36.11445679,1.6,11534.638
,Uruguay,2016,URY,2016URY,1,3424.139,77.5,6.171485424,,,1.6,20862.17131
108,United States of America,2016,USA,2016USA,2,323015.992,78.9,6.803599834,8.166101256,37.15926754,1.6,59043.21146
28,Uzbekistan,2016,UZB,2016UZB,7,31441.753,71.2,5.892539024,2.068162203,51.08585014,1.6,6346.334778
106,Venezuela,2016,VEN,2016VEN,1,29851.249,72.4,4.041114807,2.474575191,37.88709688,1.6,..
49,Vietnam,2016,VNM,2016VNM,8,93640.435,75.2,5.062267303,2.193571431,47.87010449,1.6,6767.902495
,Vanuatu,2016,VUT,2016VUT,8,278.326,70,6.712810158,,,1.6,3061.78724
88,Yemen,2016,YEM,2016YEM,4,27168.21,66.1,3.825630903,0.641415903,41.33043295,1.6,..
127,South Africa,2016,ZAF,2016ZAF,5,56207.649,63.2,4.769739628,3.1153156,33.85786272,1.6,12702.91708
93,Zambia,2016,ZMB,2016ZMB,5,16363.449,62.5,4.347543716,0.962652967,40.40789981,1.6,3467.875156
124,Zimbabwe,2016,ZWE,2016ZWE,5,14030.338,60.3,3.7354002,1.033343054,34.4686362,1.6,2934.73365
143,Afghanistan,2017,AFG,2017AFG,6,36296.111,64.1,2.66171813,0.664047068,31.46323232,1.6,2058.383832
48,Albania,2017,ALB,2017ALB,7,2884.169,78.3,4.639548302,2.049188713,47.91756054,1.6,12811.75944
129,United Arab Emirates,2017,ARE,2017ARE,4,9487.206,77.6,7.039419651,8.945830316,35.55711198,1.6,67183.62656
39,Argentina,2017,ARG,2017ARG,1,43937.143,76.4,6.039330006,3.304015065,49.15572513,1.6,23597.11775
73,Armenia,2017,ARM,2017ARM,7,2944.789,74.8,4.287736416,1.79751554,44.36779447,1.6,12115.05701
75,Australia,2017,AUS,2017AUS,2,24584.619,83.1,7.25703764,7.272647577,44.06809061,1.6,48633.13322
52,Austria,2017,AUT,2017AUT,3,8819.902,81.3,7.293727875,6.02481835,47.53631933,1.6,54342.94786
49,Azerbaijan,2017,AZE,2017AZE,7,9845.316,72.7,5.152279377,1.97349664,47.88077778,1.6,14121.40694
127,Burundi,2017,BDI,2017BDI,5,10827.01,60.9,3.557596087,0.629289356,35.69475221,1.6,773.5718584
79,Belgium,2017,BEL,2017BEL,3,11419.752,81.3,6.928347588,6.603176082,43.63812748,1.6,50596.6428
100,Benin,2017,BEN,2017BEN,5,11175.192,61.2,4.853180885,1.413485095,40.21962056,1.6,3044.513887
102,Burkina Faso,2017,BFA,2017BFA,5,19193.236,60.8,4.646891117,1.121392324,40.1603322,1.6,2044.381874
44,Bangladesh,2017,BGD,2017BGD,6,159685.421,72.1,4.309771061,0.831657377,48.37629207,1.6,4161.089713
95,Bulgaria,2017,BGR,2017BGR,7,7102.452,74.8,5.096901894,3.63544597,40.935937,1.6,21455.56436
135,Bahrain,2017,BHR,2017BHR,4,1494.077,77,6.227320671,8.655573463,32.69513916,1.6,47709.87381
83,Bosnia and Herzegovina,2017,BIH,2017BIH,7,3351.534,77.1,5.089902401,3.492220488,42.94081871,1.6,13797.79022
96,Belarus,2017,BLR,2017BLR,7,9450.233,74.3,5.552915096,4.204488934,40.93394697,1.6,18280.19892
76,Bolivia,2017,BOL,2017BOL,1,11192.853,70.9,5.65055275,3.084220334,43.97615561,1.6,8423.696806
23,Brazil,2017,BRA,2017BRA,1,207833.825,75.5,6.332929134,2.81001845,52.99111082,1.6,14519.84913
,Bhutan,2017,BTN,2017BTN,6,745.563,71.1,,4.372488641,,1.6,11142.39995
142,Botswana,2017,BWA,2017BWA,5,2205.076,68.8,3.504881144,2.741095417,31.49326747,1.6,17253.28063
147,Central African Republic,2017,CAF,2017CAF,5,4596.023,52.2,3.475862026,1.174955477,26.87391329,1.6,912.8020523
90,Canada,2017,CAN,2017CAN,2,36732.091,82.2,7.414868355,8.077236163,41.82213127,1.6,48487.76028
10,Switzerland,2017,CHE,2017CHE,3,8455.797,83.5,7.473593235,4.474964779,57.00842613,1.6,66910.5737
41,Chile,2017,CHL,2017CHL,1,18470.435,79.9,6.320119381,4.280644903,48.58351925,1.6,24548.1877
92,China,2017,CHN,2017CHN,8,1421021.794,76.5,5.099061489,3.71444441,41.67950278,1.6,14344.42124
118,Cote d'Ivoire,2017,CIV,2017CIV,5,24437.475,57,5.037734985,1.421130691,37.97278871,1.6,4830.751701
101,Cameroon,2017,CMR,2017CMR,5,24566.07,58.5,5.07405138,1.264084293,40.18398452,1.6,3554.525156
107,Congo (Kinshasa),2017,COD,2017COD,5,81398.765,60,4.311033249,0.754067374,39.36733655,1.6,1059.810775
72,Congo (Brazzaville),2017,COG,2017COG,5,5110.701,64,4.883991241,1.066666789,44.57206784,1.6,4274.296414
5,Colombia,2017,COL,2017COL,1,48909.844,76.9,6.157341957,1.91120352,58.6797165,1.6,14219.53282
,Comoros,2017,COM,2017COM,5,813.89,63.9,,1.141346589,,1.6,3032.254682
1,Costa Rica,2017,CRI,2017CRI,1,4949.955,79.9,7.22518158,2.568161027,64.1664918,1.6,19749.16744
37,Cyprus,2017,CYP,2017CYP,3,1179.685,80.7,6.062051296,3.877463304,49.47223476,1.6,37766.90166
61,Czech Republic,2017,CZE,2017CZE,7,10641.032,79.1,6.789567947,5.471300902,45.65914911,1.6,38948.86299
28,Germany,2017,DEU,2017DEU,3,82658.409,81,7.074324608,4.702938114,51.73915277,1.6,53121.98768
64,Denmark,2017,DNK,2017DNK,3,5732.277,80.7,7.593702316,6.928879641,45.36657659,1.6,55533.44735
21,Dominican Republic,2017,DOM,2017DOM,1,10513.111,73.7,5.605202675,1.752746688,53.14711944,1.6,16735.33259
36,Algeria,2017,DZA,2017DZA,4,41389.174,76.5,5.248912334,2.301701722,49.48500728,1.6,11737.40935
9,Ecuador,2017,ECU,2017ECU,1,16785.356,76.6,5.839518547,1.713983053,57.50511403,1.6,11617.90876
103,Egypt,2017,EGY,2017EGY,4,96442.59,71.7,3.929344177,1.780060494,39.880006,1.6,11014.48614
29,Spain,2017,ESP,2017ESP,3,46647.425,83.3,6.230173111,4.026419355,51.55928857,1.6,39655.15021
126,Estonia,2017,EST,2017EST,7,1319.389,78.4,5.938395977,7.16080994,35.73640942,1.6,33964.31415
93,Ethiopia,2017,ETH,2017ETH,5,106399.926,65.9,4.180315495,1.00771664,41.60349911,1.6,2021.561046
30,Finland,2017,FIN,2017FIN,3,5511.372,81.6,7.788251877,5.83504831,51.04208969,1.6,47644.42838
32,France,2017,FRA,2017FRA,3,64842.513,82.4,6.635222435,4.602202298,50.6401261,1.6,44755.32528
106,Gabon,2017,GAB,2017GAB,5,2064.812,65.8,4.782382965,2.171096345,39.48938701,1.6,15006.76409
17,United Kingdom,2017,GBR,2017GBR,3,66727.463,81.2,7.103273392,4.200775572,54.51330242,1.6,45955.32701
85,Georgia,2017,GEO,2017GEO,7,4008.723,73.4,4.45077467,2.179147971,42.56177598,1.6,13589.70739
86,Ghana,2017,GHA,2017GHA,5,29121.464,63.5,5.481310844,2.042007762,42.55938534,1.6,4996.638706
110,Guinea,2017,GIN,2017GIN,5,12067.516,60.7,4.873722553,1.680077299,38.63546408,1.6,2417.799187
80,Greece,2017,GRC,2017GRC,3,10569.449,81.9,5.14824152,4.12298257,43.56733884,1.6,29233.79663
7,Guatemala,2017,GTM,2017GTM,1,16914.979,73.8,6.325118542,1.783268906,58.09636199,1.6,8317.364101
141,Hong Kong,2017,HKG,2017HKG,8,7306.315,84.5,5.362474918,9.05338,31.62644672,1.6,59849.24818
6,Honduras,2017,HND,2017HND,1,9429.016,74.9,6.019985676,1.538064619,58.64685917,1.6,5561.996312
74,Croatia,2017,HRV,2017HRV,7,4182.847,78.2,5.343165874,3.719136937,44.18255747,1.6,26885.65841
108,Haiti,2017,HTI,2017HTI,1,10982.367,63.3,3.823865652,0.642578407,39.21815961,1.6,2980.960856
51,Hungary,2017,HUN,2017HUN,7,9729.822,76.5,6.065038681,3.673492153,47.57198268,1.6,29559.21447
46,Indonesia,2017,IDN,2017IDN,8,264650.969,71.3,5.098401546,1.661594819,48.27079061,1.6,10935.84175
89,India,2017,IND,2017IND,6,1338676.779,69.2,4.046111107,1.194777473,42.02997103,1.6,6185.993893
31,Ireland,2017,IRL,2017IRL,3,4753.281,81.9,7.060155392,5.013502757,50.86492353,1.6,78051.521
94,Iran,2017,IRN,2017IRN,4,80673.888,76.3,4.716783047,3.224457514,41.31012722,1.6,14535.86223
87,Iraq,2017,IRQ,2017IRQ,4,37552.789,70.3,4.462399006,1.803408514,42.41906805,1.6,10971.97001
57,Iceland,2017,ISL,2017ISL,3,334.395,82.7,7.476213932,6.8228,46.3978659,1.6,55274.18912
33,Israel,2017,ISR,2017ISR,4,8243.849,82.7,7.331036091,5.5468826,50.57504766,1.6,39022.88802
38,Italy,2017,ITA,2017ITA,3,60673.694,83.2,6.198870182,4.410827158,49.46967817,1.6,41713.90002
14,Jamaica,2017,JAM,2017JAM,1,2920.848,74.3,5.889759064,1.811078493,55.26431443,1.6,9598.370957
54,Jordan,2017,JOR,2017JOR,4,9785.84,74.3,4.808082581,1.926430407,46.96536822,1.6,10010.39496
53,Japan,2017,JPN,2017JPN,8,127502.728,84.3,5.910676479,4.651207358,47.38539508,1.6,41093.50063
128,Kazakhstan,2017,KAZ,2017KAZ,7,18080.023,72.7,5.882351398,5.988221467,35.68789318,1.6,24862.96612
77,Kenya,2017,KEN,2017KEN,5,50221.146,65.9,4.475654125,0.993979465,43.73543251,1.6,4046.208425
26,Kyrgyzstan,2017,KGZ,2017KGZ,7,6189.727,71.2,5.629536629,1.55354464,52.55963878,1.6,5046.691535
67,Cambodia,2017,KHM,2017KHM,8,16009.413,69.3,4.585842133,1.325940283,45.16385035,1.6,3928.373688
98,South Korea,2017,KOR,2017KOR,8,51096.408,82.6,5.873887062,6.175655659,40.51557726,1.6,41110.6448
134,Kuwait,2017,KWT,2017KWT,4,4056.102,75.3,6.093905449,8.031758458,32.72680536,1.6,50855.49996
99,Laos,2017,LAO,2017LAO,8,6953.031,67.3,4.623140812,1.996751197,40.3882331,1.6,7257.807932
68,Lebanon,2017,LBN,2017LBN,4,6819.373,78.8,5.153989792,3.329648715,45.15592938,1.6,16005.25704
97,Liberia,2017,LBR,2017LBR,5,4702.224,63.3,4.424490929,1.107914267,40.73527933,1.6,1515.64325
81,Libya,2017,LBY,2017LBY,4,6580.723,72.5,5.646852493,3.459671177,43.36284088,1.6,13237.99853
50,Sri Lanka,2017,LKA,2017LKA,6,21128.028,76.6,4.330945492,1.490568979,47.70705693,1.6,12584.10442
145,Lesotho,2017,LSO,2017LSO,5,2091.532,52.9,3.795300722,1.468049695,27.99116364,1.6,2783.115664
105,Lithuania,2017,LTU,2017LTU,7,2845.419,75.5,6.272940636,5.864387431,39.49106761,1.6,33869.74153
144,Luxembourg,2017,LUX,2017LUX,3,591.914,82,7.061380863,12.79042523,30.2816418,1.6,112666.7694
124,Latvia,2017,LVA,2017LVA,7,1951.097,75,5.977817535,6.131974947,36.98340444,1.6,28741.47519
24,Morocco,2017,MAR,2017MAR,4,35581.257,76.2,5.312482834,1.768041014,52.95231399,1.6,7314.154487
40,Moldova,2017,MDA,2017MDA,7,4059.687,71.7,5.325530529,1.866907293,48.90989304,1.6,11651.31745
91,Madagascar,2017,MDG,2017MDG,5,25570.511,66.3,4.078620434,0.916822995,41.70496943,1.6,1584.422678
18,Mexico,2017,MEX,2017MEX,1,124777.326,74.9,6.410299301,2.623132531,54.11144842,1.6,19785.90501
70,North Macedonia,2017,MKD,2017MKD,7,2081.996,75.6,5.233866692,3.06168418,44.80451926,1.6,15699.89421
121,Mali,2017,MLI,2017MLI,5,18512.429,58.5,4.741850376,1.435808169,37.3662321,1.6,2246.801669
58,Malta,2017,MLT,2017MLT,3,437.935,82.2,6.675665855,5.684844976,46.18947093,1.6,42539.73635
114,Myanmar,2017,MMR,2017MMR,8,53382.521,66.6,4.154341698,1.708556523,38.31323451,1.6,4739.910118
82,Montenegro,2017,MNE,2017MNE,7,627.563,76.7,5.614798546,4.085460949,43.26495167,1.6,19745.11298
146,Mongolia,2017,MNG,2017MNG,8,3113.788,69.5,5.333850384,8.04620625,27.0210166,1.6,11311.79382
112,Mozambique,2017,MOZ,2017MOZ,5,28649.007,59.3,4.279863358,0.804465155,38.3428658,1.6,1283.65987
122,Mauritania,2017,MRT,2017MRT,5,4282.582,64.5,4.678159714,2.313232115,37.34564725,1.6,5077.195472
35,Mauritius,2017,MUS,2017MUS,5,1264.497,74.7,6.174117565,3.06446719,49.97634013,1.6,21415.11611
131,Malawi,2017,MWI,2017MWI,5,17670.193,63.3,3.416862965,0.899869344,35.07855368,1.6,1037.545868
78,Malaysia,2017,MYS,2017MYS,8,31104.655,75.8,5.666585445,3.908324926,43.72526932,1.6,26661.1877
125,Namibia,2017,NAM,2017NAM,5,2402.623,63,4.441306114,2.102830819,35.85611864,1.6,10050.50128
113,Niger,2017,NER,2017NER,5,21602.388,61.6,4.615673542,1.564738265,38.32558134,1.6,1163.683259
109,Nigeria,2017,NGA,2017NGA,5,190873.247,54,5.321928024,1.023790323,39.11294842,1.6,5190.354386
3,Nicaragua,2017,NIC,2017NIC,1,6384.843,74.1,6.476356506,1.740174226,59.74465975,1.6,6004.017296
22,Netherlands,2017,NLD,2017NLD,3,17021.343,82,7.458965302,5.024509566,53.1166972,1.6,55264.57036
34,Norway,2017,NOR,2017NOR,3,5296.324,82.1,7.578744888,5.775153972,50.53455496,1.6,64255.28265
43,Nepal,2017,NPL,2017NPL,6,27632.682,70.2,4.736692429,1.092066691,48.3830935,1.6,3099.306082
13,New Zealand,2017,NZL,2017NZL,2,4702.029,82,7.32718277,4.322969965,55.81019187,1.6,42101.39587
16,Pakistan,2017,PAK,2017PAK,6,207906.21,66.9,5.830870628,0.863778249,55.05779695,1.6,4571.414491
2,Panama,2017,PAN,2017PAN,1,4106.764,78.1,6.567658901,2.270548219,60.10793063,1.6,30454.76381
20,Peru,2017,PER,2017PER,1,31444.299,76.3,5.710936546,2.146596444,53.45396197,1.6,12506.53017
19,Philippines,2017,PHL,2017PHL,8,105172.921,71,5.594270229,1.33671735,53.61026026,1.6,8120.842309
69,Poland,2017,POL,2017POL,7,37953.176,78.3,6.201268196,4.712723393,45.00138843,1.6,30160.49423
63,Portugal,2017,PRT,2017PRT,3,10288.527,81.7,5.711499214,4.40181771,45.6479221,1.6,33150.20997
55,Paraguay,2017,PRY,2017PRY,1,6867.058,74,5.71329546,3.090904849,46.51049958,1.6,12594.34143
27,"Palestine, State of",2017,PSE,2017PSE,4,4747.233,73.7,4.62813282,0.812429998,52.29639146,1.6,6401.740891
,Qatar,2017,QAT,2017QAT,4,2724.727,80,,14.72037707,,1.6,91738.8538
42,Romania,2017,ROU,2017ROU,7,19653.966,75.8,6.089904785,3.402462701,48.53868715,1.6,27230.52382
130,Russia,2017,RUS,2017RUS,7,145530.091,72.1,5.578742981,5.475099538,35.44718967,1.6,26005.97994
120,Rwanda,2017,RWA,2017RWA,5,11980.96,68.3,3.10837388,0.674639047,37.36791393,1.6,1975.252453
104,Saudi Arabia,2017,SAU,2017SAU,4,33101.183,74.9,6.294282436,5.768481303,39.55164833,1.6,47309.13223
,Sudan,2017,SDN,2017SDN,5,40813.398,64.9,,1.334512378,,1.6,4362.578409
65,Senegal,2017,SEN,2017SEN,5,15419.354,67.4,4.683024883,1.160491011,45.35825605,1.6,3203.900758
71,Singapore,2017,SGP,2017SGP,8,5708.042,83.3,6.378437996,5.868474185,44.59428992,1.6,94940.97079
138,Sierra Leone,2017,SLE,2017SLE,5,7488.427,53.9,4.089562416,1.001921655,32.13759895,1.6,1642.606593
12,El Salvador,2017,SLV,2017SLV,1,6388.124,72.9,6.339318275,1.985553581,56.01473623,1.6,8454.058198
62,Serbia,2017,SRB,2017SRB,7,8829.623,75.7,5.122031212,2.754592084,45.65771779,1.6,16664.06071
56,Slovakia,2017,SVK,2017SVK,7,5447.903,77.2,6.365509033,4.413979185,46.43715015,1.6,30189.39713
60,Slovenia,2017,SVN,2017SVN,7,2076.395,81,6.166837692,4.895139369,45.7815681,1.6,36622.19529
47,Sweden,2017,SWE,2017SWE,3,9904.895,82.5,7.286804676,6.076790938,48.06842081,1.6,52113.83434
,Eswatini,2017,SWZ,2017SWZ,5,1124.808,58.3,,1.88396707,,1.6,8408.454272
139,Chad,2017,TCD,2017TCD,5,15016.761,53.7,4.558937073,1.671427102,31.76874686,1.6,1587.03106
116,Togo,2017,TGO,2017TGO,5,7698.476,60.5,4.360805035,1.089000526,38.29398876,1.6,1516.526046
25,Thailand,2017,THA,2017THA,8,69209.817,76.7,5.938895226,2.577403902,52.70447747,1.6,17420.56515
8,Tajikistan,2017,TJK,2017TJK,7,8880.27,70.6,5.829234123,0.965336517,57.71557999,1.6,3089.530208
137,Turkmenistan,2017,TKM,2017TKM,7,5757.667,68,5.229148865,5.224274446,32.28019195,1.6,14205.02158
140,Trinidad and Tobago,2017,TTO,2017TTO,1,1384.06,73.2,6.191859722,8.227159701,31.66247324,1.6,26447.59327
88,Tunisia,2017,TUN,2017TUN,4,11433.438,76.3,4.124342918,2.15357032,42.36673266,1.6,10605.25721
59,Turkey,2017,TUR,2017TUR,4,81116.451,77.2,5.607262135,3.509141363,46.0748894,1.6,28007.97483
84,Taiwan,2017,TWN,2017TWN,8,23674.546,80.1173,6.359450817,5.83,42.75072932,1.6,#N/A
133,Tanzania,2017,TZA,2017TZA,5,54660.345,64.5,3.347121239,1.167050404,34.15789107,1.6,2530.438453
119,Uganda,2017,UGA,2017UGA,5,41166.588,62.5,4.000516891,1.042912858,37.69692522,1.6,2074.860241
111,Ukraine,2017,UKR,2017UKR,7,44487.708,71.8,4.311067104,2.659172545,38.42360354,1.6,11871.12362
11,Uruguay,2017,URY,2017URY,1,3436.645,77.6,6.336009979,2.58218,56.04577268,1.6,21324.846
115,United States of America,2017,USA,2017USA,2,325084.758,78.9,6.9917593,8.036161443,38.29597972,1.6,60062.22231
15,Uzbekistan,2017,UZB,2017UZB,7,31959.774,71.4,6.421447754,1.995011429,55.20577972,1.6,6518.804687
66,Venezuela,2017,VEN,2017VEN,1,29402.48,72.2,5.070750713,2.282610075,45.28177224,1.6,..
45,Vietnam,2017,VNM,2017VNM,8,94600.643,75.2,5.175278664,2.242731901,48.36464959,1.6,7155.745829
4,Vanuatu,2017,VUT,2017VUT,8,285.499,70.2,6.793746878,1.63855,59.10720478,1.6,3116.645194
123,Yemen,2017,YEM,2017YEM,4,27834.811,66.1,3.253560066,0.610368755,37.30334959,1.6,..
136,South Africa,2017,ZAF,2017ZAF,5,57009.751,63.5,4.513655186,3.155162675,32.57705319,1.6,12701.34893
117,Zambia,2017,ZMB,2017ZMB,5,16853.608,63,3.932777405,0.968201247,37.99429004,1.6,3485.005238
132,Zimbabwe,2017,ZWE,2017ZWE,5,14236.599,60.8,3.63830018,1.030194843,34.21260457,1.6,3028.245976
140,Afghanistan,2018,AFG,2018AFG,6,37171.922,64.5,2.694303274,0.726988649,31.54055353,1.57,2033.779002
32,Albania,2018,ALB,2018ALB,7,2882.735,78.5,5.004402637,1.997753708,50.82174031,1.57,13366.30306
134,United Arab Emirates,2018,ARE,2018ARE,4,9630.966,77.8,6.603743553,8.922794684,33.85940322,1.57,66968.26985
53,Argentina,2018,ARG,2018ARG,1,44361.15,76.5,5.792796612,3.258791452,47.75514195,1.57,22759.39856
36,Armenia,2018,ARM,2018ARM,7,2951.741,74.9,5.062448502,1.701442904,50.36376199,1.57,12714.95819
83,Australia,2018,AUS,2018AUS,2,24898.153,83.3,7.17699337,7.386751688,43.27778032,1.57,49304.25111
51,Austria,2018,AUT,2018AUT,3,8891.383,81.4,7.396001816,5.996407697,48.05222106,1.57,55474.20315
52,Azerbaijan,2018,AZE,2018AZE,7,9949.537,72.9,5.167995453,1.964655733,48.00791652,1.57,14209.64941
121,Burundi,2018,BDI,2018BDI,5,11175.379,61.2,3.775283098,0.610356416,37.35026949,1.57,761.5241934
84,Belgium,2018,BEL,2018BEL,3,11482.18,81.5,6.89217186,6.648064355,43.2661911,1.57,51279.65454
63,Benin,2018,BEN,2018BEN,5,11485.035,61.5,5.81982708,1.405258268,46.26491601,1.57,3160.777093
89,Burkina Faso,2018,BFA,2018BFA,5,19751.466,61.2,4.92723608,1.091197608,42.26598534,1.57,2120.322861
40,Bangladesh,2018,BGD,2018BGD,6,161376.713,72.3,4.499217033,0.84443963,49.73475272,1.57,4441.424462
98,Bulgaria,2018,BGR,2018BGR,7,7051.61,74.9,5.098813534,3.703585066,40.57941736,1.57,22279.36194
136,Bahrain,2018,BHR,2018BHR,4,1569.44,77.2,6.662666559,9.065320543,33.48858453,1.57,46227.02712
54,Bosnia and Herzegovina,2018,BIH,2018BIH,7,3323.929,77.3,5.887401104,3.508819012,47.66868461,1.57,14432.68266
109,Belarus,2018,BLR,2018BLR,7,9452.615,74.6,5.233769894,4.165250433,39.36753199,1.57,18885.2355
69,Bolivia,2018,BOL,2018BOL,1,11353.14,71.2,5.915734291,3.023832411,45.86141216,1.57,8655.52996
24,Brazil,2018,BRA,2018BRA,1,209469.32,75.7,6.190921783,2.739750666,52.4416616,1.57,14596.24616
,Bhutan,2018,BTN,2018BTN,6,754.396,71.5,,4.505679324,,1.57,11348.47204
141,Botswana,2018,BWA,2018BWA,5,2254.067,69.3,3.4613657,2.706598731,31.51073757,1.57,17634.19462
,Central African Republic,2018,CAF,2018CAF,5,4666.375,52.8,,1.188435071,,1.57,933.1095507
102,Canada,2018,CAN,2018CAN,2,37074.558,82.3,7.175496578,8.135169134,40.50111265,1.57,48770.33586
6,Switzerland,2018,CHE,2018CHE,3,8525.614,83.6,7.508586884,4.289062603,58.07155554,1.57,68246.40264
45,Chile,2018,CHL,2018CHL,1,18729.166,80,6.436220646,4.373670792,48.71915892,1.57,25165.17818
92,China,2018,CHN,2018CHN,8,1427647.789,76.7,5.131433964,3.731989287,41.76439175,1.57,15242.98586
112,Cote d'Ivoire,2018,CIV,2018CIV,5,25069.226,57.4,5.26837492,1.497529256,39.08015845,1.57,5033.478224
95,Cameroon,2018,CMR,2018CMR,5,25216.261,58.9,5.250737667,1.255016363,41.46230101,1.57,3603.551705
,Congo (Kinshasa),2018,COD,2018COD,5,84068.092,60.4,,0.742806693,,1.57,1085.893701
44,Congo (Brazzaville),2018,COG,2018COG,5,5244.363,64.3,5.490214348,1.058979128,48.75799677,1.57,3906.939945
8,Colombia,2018,COL,2018COL,1,49661.056,77.1,5.983512402,1.890250973,57.52070486,1.57,14356.69407
118,Comoros,2018,COM,2018COM,5,832.322,64.1,3.972819567,1.134259997,38.058437,1.57,3066.837847
1,Costa Rica,2018,CRI,2018CRI,1,4999.443,80.1,7.141074657,2.598468849,63.30310154,1.57,20073.88145
34,Cyprus,2018,CYP,2018CYP,3,1189.262,80.8,6.276443005,3.905683383,50.52531122,1.57,38822.49197
58,Czech Republic,2018,CZE,2018CZE,7,10665.679,79.2,7.034165382,5.443617793,46.92872321,1.57,40053.77367
23,Germany,2018,DEU,2018DEU,3,83124.413,81.2,7.118364334,4.583985349,52.49810705,1.57,53634.14458
77,Denmark,2018,DNK,2018DNK,3,5752.131,80.8,7.648785591,7.023360955,45.19615624,1.57,56461.00792
26,Dominican Republic,2018,DOM,2018DOM,1,10627.147,73.9,5.433215618,1.827284324,51.42705685,1.57,17711.76553
50,Algeria,2018,DZA,2018DZA,4,42228.415,76.7,5.043086052,2.274678361,48.18461881,1.57,11642.19449
2,Ecuador,2018,ECU,2018ECU,1,17084.359,76.8,6.128010273,1.630290323,60.20185891,1.57,11561.74921
99,Egypt,2018,EGY,2018EGY,4,98423.602,71.8,4.005450726,1.731398804,40.55629471,1.57,11366.33633
21,Spain,2018,ESP,2018ESP,3,46692.863,83.4,6.513370991,4.086202229,52.89059426,1.57,40441.27469
127,Estonia,2018,EST,2018EST,7,1322.913,78.6,6.091302395,7.562801465,35.34342274,1.57,35320.47464
86,Ethiopia,2018,ETH,2018ETH,5,109224.41,66.2,4.379262447,0.978679285,43.22297012,1.57,2103.512989
30,Finland,2018,FIN,2018FIN,3,5522.585,81.7,7.85810709,5.857173209,51.18811549,1.57,48303.3622
31,France,2018,FRA,2018FRA,3,64990.512,82.5,6.665903568,4.498721588,51.17811753,1.57,45488.65322
110,Gabon,2018,GAB,2018GAB,5,2119.275,66.2,4.783009052,2.242145187,39.29790813,1.57,14744.43433
12,United Kingdom,2018,GBR,2018GBR,3,67141.678,81.2,7.233445168,4.07478172,55.74683502,1.57,46290.12272
81,Georgia,2018,GEO,2018GEO,7,4002.946,73.6,4.659097195,2.288986887,43.36861131,1.57,14257.08166
108,Ghana,2018,GHA,2018GHA,5,29767.108,63.8,5.003693104,2.071768904,39.68537151,1.57,5194.439001
97,Guinea,2018,GIN,2018GIN,5,12414.292,61.2,5.25222683,1.725578829,40.86355159,1.57,2495.971762
75,Greece,2018,GRC,2018GRC,3,10522.244,82.1,5.40928936,4.079718668,45.29208356,1.57,29859.80485
3,Guatemala,2018,GTM,2018GTM,1,17247.855,74.1,6.626591682,1.79182249,60.20083496,1.57,8448.463809
139,Hong Kong,2018,HKG,2018HKG,8,7371.728,84.7,5.510895967,8.844873384,32.66395188,1.57,61063.54937
7,Honduras,2018,HND,2018HND,1,9587.523,75.1,5.908423901,1.558357497,57.63346241,1.57,5672.25331
72,Croatia,2018,HRV,2018HRV,7,4156.407,78.3,5.536271095,3.656390574,45.52398626,1.57,27888.57363
119,Haiti,2018,HTI,2018HTI,1,11123.183,63.7,3.614928007,0.63463956,37.94186761,1.57,2992.312294
67,Hungary,2018,HUN,2018HUN,7,9707.502,76.7,5.935770988,3.853759318,45.94365008,1.57,31196.50498
41,Indonesia,2018,IDN,2018IDN,8,267670.549,71.5,5.340295792,1.700775266,49.67023522,1.57,11371.53194
103,India,2018,IND,2018IND,6,1352642.283,69.4,3.818068743,1.213227782,40.29637313,1.57,6496.807506
39,Ireland,2018,IRL,2018IRL,3,4818.694,82.1,6.962335587,5.107560986,49.8516289,1.57,83388.72115
116,Iran,2018,IRN,2018IRN,4,81800.204,76.5,4.278117657,3.178226508,38.75467309,1.57,13471.84897
74,Iraq,2018,IRQ,2018IRQ,4,38433.604,70.5,4.8864007,1.769129175,45.42260571,1.57,10660.09256
59,Iceland,2018,ISL,2018ISL,3,336.712,82.9,7.504359245,6.710243699,46.88231567,1.57,55866.18927
56,Israel,2018,ISR,2018ISR,4,8381.507,82.8,6.92717886,5.785174899,47.33166993,1.57,39600.27751
28,Italy,2018,ITA,2018ITA,3,60627.291,83.4,6.516526699,4.432096245,51.21839408,1.57,42187.82412
10,Jamaica,2018,JAM,2018JAM,1,2934.853,74.4,6.099498987,1.834394317,56.45698863,1.57,9737.981656
73,Jordan,2018,JOR,2018JOR,4,9965.322,74.4,4.638933659,1.959970559,45.50249618,1.57,10022.76232
61,Japan,2018,JPN,2018JPN,8,127202.19,84.5,5.793575287,4.666630762,46.57069051,1.57,41309.95609
122,Kazakhstan,2018,KAZ,2018KAZ,7,18319.616,73.2,6.00763607,5.901997763,36.66047233,1.57,25544.34476
78,Kenya,2018,KEN,2018KEN,5,51392.57,66.3,4.655702591,0.99217778,45.1485644,1.57,4203.802282
35,Kyrgyzstan,2018,KGZ,2018KGZ,7,6304.025,71.3,5.297383308,1.499857642,50.47203196,1.57,5133.151914
46,Cambodia,2018,KHM,2018KHM,8,16249.795,69.6,5.121837616,1.391165707,48.56430751,1.57,4159.337426
107,South Korea,2018,KOR,2018KOR,8,51171.7,82.8,5.840231419,6.335861321,39.79236757,1.57,42105.27993
138,Kuwait,2018,KWT,2018KWT,4,4137.314,75.4,6.100012541,7.867505522,33.05372679,1.57,50478.5941
100,Laos,2018,LAO,2018LAO,8,7061.498,67.6,4.85940218,2.282094073,40.54458321,1.57,7592.819798
70,Lebanon,2018,LBN,2018LBN,4,6859.408,78.9,5.167186737,3.183907596,45.82130248,1.57,15612.01218
111,Liberia,2018,LBR,2018LBR,5,4818.976,63.7,4.134852886,1.087836224,39.08039625,1.57,1497.004477
87,Libya,2018,LBY,2018LBY,4,6678.565,72.7,5.493977547,3.349107295,42.94110805,1.57,15017.98908
47,Sri Lanka,2018,LKA,2018LKA,6,21228.76,76.8,4.435023785,1.485890943,48.48710561,1.57,12864.60635
145,Lesotho,2018,LSO,2018LSO,5,2108.327,53.7,3.653540611,1.465202335,27.67456595,1.57,2748.543746
115,Lithuania,2018,LTU,2018LTU,7,2801.27,75.7,6.308878899,6.138185904,38.76514251,1.57,35540.65377
143,Luxembourg,2018,LUX,2018LUX,3,604.244,82.1,7.242630959,12.70444185,30.94930291,1.57,113952.3579
128,Latvia,2018,LVA,2018LVA,7,1928.461,75.2,5.901154041,6.619379482,35.22580922,1.57,30131.97915
38,Morocco,2018,MAR,2018MAR,4,36029.089,76.5,4.896791935,1.782915598,49.87068701,1.57,7437.637535
33,Moldova,2018,MDA,2018MDA,7,4051.95,71.8,5.682277203,1.96620229,50.60364962,1.57,12363.14684
91,Madagascar,2018,MDG,2018MDG,5,26262.313,66.7,4.070586681,0.900804485,41.88067184,1.57,1613.104514
15,Mexico,2018,MEX,2018MEX,1,126190.782,75,6.549578667,2.60141551,55.02105747,1.57,19993.71739
76,North Macedonia,2018,MKD,2018MKD,7,2082.957,75.7,5.239834785,2.949917399,45.27590392,1.57,16147.72998
125,Mali,2018,MLI,2018MLI,5,19077.755,58.9,4.415729523,1.426160259,35.66796942,1.57,2283.710194
65,Malta,2018,MLT,2018MLT,3,439.255,82.4,6.909710884,6.032441296,46.05316234,1.57,43207.26772
106,Myanmar,2018,MMR,2018MMR,8,53708.318,66.9,4.410633087,1.746158362,39.83167699,1.57,5029.180876
82,Montenegro,2018,MNE,2018MNE,7,627.803,76.8,5.650189877,4.104997878,43.28636699,1.57,20752.62045
146,Mongolia,2018,MNG,2018MNG,8,3170.214,69.7,5.464622974,9.664828807,24.72542004,1.57,11915.5793
93,Mozambique,2018,MOZ,2018MOZ,5,29496.009,60.2,4.653713703,0.762535411,41.5696699,1.57,1289.738003
126,Mauritania,2018,MRT,2018MRT,5,4403.312,64.7,4.313615322,2.282436597,35.36185015,1.57,5042.423182
48,Mauritius,2018,MUS,2018MUS,5,1267.184,74.9,5.88174057,3.000772758,48.46616829,1.57,22208.13812
132,Malawi,2018,MWI,2018MWI,5,18143.215,63.8,3.334633589,0.901774306,34.71630124,1.57,1042.526368
94,Malaysia,2018,MYS,2018MYS,8,31528.033,76,5.338817596,3.976755248,41.53632467,1.57,27557.65446
117,Namibia,2018,NAM,2018NAM,5,2448.3,63.4,4.834087849,2.034064871,38.57984512,1.57,9931.972912
90,Niger,2018,NER,2018NER,5,22442.831,62,5.164007187,1.542992738,41.90897353,1.57,1200.966203
114,Nigeria,2018,NGA,2018NGA,5,195874.685,54.3,5.252288342,1.008926849,38.90693084,1.57,5155.074546
17,Nicaragua,2018,NIC,2018NIC,1,6465.502,74.3,5.81895256,1.867514524,54.18555087,1.57,5694.92448
18,Netherlands,2018,NLD,2018NLD,3,17059.56,82.1,7.463097095,4.813214642,54.01096098,1.57,56239.95536
37,Norway,2018,NOR,2018NOR,3,5337.96,82.3,7.444262028,5.667377822,50.21740314,1.57,64655.68752
43,Nepal,2018,NPL,2018NPL,6,28095.712,70.5,4.910086632,1.173995395,49.16969376,1.57,3252.743328
9,New Zealand,2018,NZL,2018NZL,2,4743.131,82.1,7.370285988,4.074509741,57.25973168,1.57,42642.66293
25,Pakistan,2018,PAK,2018PAK,6,212228.288,67.1,5.471553802,0.873021631,52.39046558,1.57,4739.768808
5,Panama,2018,PAN,2018PAN,1,4176.868,78.3,6.281434059,2.17913361,58.66240568,1.57,31049.17931
20,Peru,2018,PER,2018PER,1,31989.265,76.5,5.679661274,2.124119242,53.33301717,1.57,12782.37633
16,Philippines,2018,PHL,2018PHL,8,106651.394,71.1,5.869172573,1.410517823,54.93372905,1.57,8516.094388
80,Poland,2018,POL,2018POL,7,37921.585,78.5,6.111485004,4.760620326,44.27596619,1.57,31775.26164
64,Portugal,2018,PRT,2018PRT,3,10256.192,81.9,5.919822693,4.566558766,46.12374519,1.57,34149.39832
57,Paraguay,2018,PRY,2018PRY,1,6956.069,74.1,5.68296051,2.948252402,46.92878022,1.57,12850.46496
27,"Palestine, State of",2018,PSE,2018PSE,4,4862.978,73.9,4.5539217,0.864397842,51.30103809,1.57,6318.210068
,Qatar,2018,QAT,2018QAT,4,2781.682,80.1,,14.91070345,,1.57,90970.22442
55,Romania,2018,ROU,2018ROU,7,19506.11,75.9,6.150878906,3.641012763,47.63387338,1.57,28616.6
130,Russia,2018,RUS,2018RUS,7,145734.034,72.4,5.513500214,5.490276514,35.12681073,1.57,26667.72544
96,Rwanda,2018,RWA,2018RWA,5,12301.969,68.7,3.5610466,0.641798171,41.10205847,1.57,2088.754318
105,Saudi Arabia,2018,SAU,2018SAU,4,33702.757,75,6.356393337,5.650836616,40.14794386,1.57,47596.73557
,Sudan,2018,SDN,2018SDN,5,41801.532,65.1,,1.336276785,,1.57,4160.597868
66,Senegal,2018,SEN,2018SEN,5,15854.324,67.7,4.769377232,1.158450903,46.03607262,1.57,3314.785689
79,Singapore,2018,SGP,2018SGP,8,5757.503,83.5,6.374564171,5.712974499,45.09627695,1.57,97744.95461
135,Sierra Leone,2018,SLE,2018SLE,5,7650.149,54.3,4.305683136,0.986696281,33.61343409,1.57,1663.292393
14,El Salvador,2018,SLV,2018SLV,1,6420.74,73.1,6.241199493,2.016699957,55.10601219,1.57,8615.576151
29,Serbia,2018,SRB,2018SRB,7,8802.741,75.8,5.936493397,2.682327287,51.20114469,1.57,17508.5278
68,Slovakia,2018,SVK,2018SVK,7,5453.017,77.4,6.23511076,4.352998824,45.93018711,1.57,31283.76368
71,Slovenia,2018,SVN,2018SVN,7,2077.836,81.2,6.249419212,4.991998824,45.80267268,1.57,38089.53867
42,Sweden,2018,SWE,2018SWE,3,9971.63,82.7,7.374792099,5.844604264,49.38821142,1.57,52516.45407
137,Eswatini,2018,SWZ,2018SWZ,5,1136.274,59.4,4.211565018,1.786539621,33.29174927,1.57,8521.214825
142,Chad,2018,TCD,2018TCD,5,15477.727,54,4.486325264,1.671245789,31.48851121,1.57,1576.31867
123,Togo,2018,TGO,2018TGO,5,7889.095,60.8,4.022894859,1.092480553,36.22690094,1.57,1552.858562
22,Thailand,2018,THA,2018THA,8,69428.454,76.9,6.011561871,2.624175811,52.86786519,1.57,18086.50771
13,Tajikistan,2018,TJK,2018TJK,7,9100.847,70.9,5.497468948,0.956281661,55.36071427,1.57,3234.721579
144,Turkmenistan,2018,TKM,2018TKM,7,5850.902,68.1,4.620601654,5.300352632,29.25145523,1.57,14845.32943
,Trinidad and Tobago,2018,TTO,2018TTO,1,1389.841,73.4,,8.196677454,,1.57,26272.9084
60,Tunisia,2018,TUN,2018TUN,4,11565.203,76.5,4.741132259,2.139239539,46.7022545,1.57,10763.78558
85,Turkey,2018,TUR,2018TUR,4,82340.09,77.4,5.185689449,3.561371915,43.24802024,1.57,28410.11313
88,Taiwan,2018,TWN,2018TWN,8,23726.46,80.2928,6.467004776,5.922920989,42.91580362,1.57,#N/A
129,Tanzania,2018,TZA,2018TZA,5,56313.444,65,3.445023298,1.135528184,35.15208205,1.57,2589.975602
104,Uganda,2018,UGA,2018UGA,5,42729.032,63,4.321714878,1.013246863,40.1912495,1.57,2122.260513
101,Ukraine,2018,UKR,2018UKR,7,44246.158,72,4.661909103,2.670289599,40.52097817,1.57,12338.0028
11,Uruguay,2018,URY,2018URY,1,3449.29,77.8,6.371714592,2.600654213,56.1202047,1.57,21590.83348
120,United States of America,2018,USA,2018USA,2,327096.263,78.9,6.882684708,8.150143184,37.3934735,1.57,61498.36983
19,Uzbekistan,2018,UZB,2018UZB,7,32476.232,71.6,6.205460072,1.955702187,53.99254102,1.57,6755.480974
62,Venezuela,2018,VEN,2018VEN,1,28887.117,72.1,5.005663395,1.92698938,46.52875272,1.57,..
49,Vietnam,2018,VNM,2018VNM,8,95545.959,75.3,5.295547009,2.396014334,48.213858,1.57,7586.384939
4,Vanuatu,2018,VUT,2018VUT,8,292.675,70.3,6.874683597,1.624379041,59.63471472,1.57,3128.469953
124,Yemen,2018,YEM,2018YEM,4,28498.683,66.1,3.057513952,0.560899554,35.98012352,1.57,..
131,South Africa,2018,ZAF,2018ZAF,5,57792.52,63.9,4.8839221,3.064659144,34.95262643,1.57,12627.92858
113,Zambia,2018,ZMB,2018ZMB,5,17351.714,63.5,4.041488171,0.958663558,38.99215665,1.57,3521.520144
133,Zimbabwe,2018,ZWE,2018ZWE,5,14438.812,61.2,3.616479874,1.023807575,34.24830484,1.57,3130.029501
146,Afghanistan,2019,AFG,2019AFG,6,38041.757,64.8,2.375091791,0.732091747,29.40920321,1.56,2065.036398
36,Albania,2019,ALB,2019ALB,7,2880.913,78.6,4.995317936,1.953726297,51.03309375,1.56,13724.05879
135,United Arab Emirates,2019,ARE,2019ARE,4,9770.526,78,6.710782528,8.935042966,34.30856703,1.56,67119.13264
43,Argentina,2019,ARG,2019ARG,1,44780.675,76.7,6.085560799,3.191470119,49.98872592,1.56,22063.90437
20,Armenia,2019,ARM,2019ARM,7,2957.728,75.1,5.4880867,1.521645531,54.73393391,1.56,13653.74953
88,Australia,2019,AUS,2019AUS,2,25203.2,83.4,7.233994961,7.525196181,43.11437338,1.56,49609.04403
59,Austria,2019,AUT,2019AUT,3,8955.108,81.5,7.195361137,6.05452653,46.81302886,1.56,56011.61122
50,Azerbaijan,2019,AZE,2019AZE,7,10047.719,73,5.173389435,1.968940748,48.03454046,1.56,14402.46386
121,Burundi,2019,BDI,2019BDI,5,11530.577,61.6,3.775283098,0.592674199,37.69524004,1.56,751.6639572
92,Belgium,2019,BEL,2019BEL,3,11539.326,81.6,6.772138119,6.694853717,42.53497245,1.56,51830.74647
99,Benin,2019,BEN,2019BEN,5,11801.151,61.8,4.976360798,1.388341424,41.37151967,1.56,3287.309538
98,Burkina Faso,2019,BFA,2019BFA,5,20321.383,61.6,4.740892887,1.056987637,41.53829397,1.56,2178.323415
22,Bangladesh,2019,BGD,2019BGD,6,163046.173,72.6,5.114216805,0.875011257,54.46704074,1.56,4753.726947
106,Bulgaria,2019,BGR,2019BGR,7,7000.117,75,5.108438015,3.832988495,40.13077545,1.56,23265.62327
139,Bahrain,2019,BHR,2019BHR,4,1641.164,77.3,7.098012447,9.796565318,33.5929738,1.56,45010.7115
54,Bosnia and Herzegovina,2019,BIH,2019BIH,7,3300.998,77.4,6.01552248,3.648305094,47.78103944,1.56,14922.14851
89,Belarus,2019,BLR,2019BLR,7,9452.409,74.8,5.821453094,4.110974951,42.88780952,1.56,19249.28548
75,Bolivia,2019,BOL,2019BOL,1,11513.102,71.5,5.67427063,2.940349746,44.99913781,1.56,8724.475702
21,Brazil,2019,BRA,2019BRA,1,211049.519,75.9,6.451148987,2.679416288,54.56892235,1.56,14651.61618
127,Bhutan,2019,BTN,2019BTN,6,763.094,71.8,5.196599483,4.387431921,36.67282917,1.56,11832.18926
142,Botswana,2019,BWA,2019BWA,5,2303.703,69.6,3.471084833,2.661163058,31.85112214,1.56,17766.53897
150,Central African Republic,2019,CAF,2019CAF,5,4745.179,53.3,3.08446157,1.20802659,25.21146334,1.56,944.8680935
105,Canada,2019,CAN,2019CAN,2,37411.038,82.4,7.1090765,8.145413732,40.18359249,1.56,48881.39675
4,Switzerland,2019,CHE,2019CHE,3,8591.361,83.8,7.69422102,4.142516115,60.10465034,1.56,68390.71299
67,Chile,2019,CHL,2019CHL,1,18952.035,80.2,5.942250252,4.443800777,45.64123987,1.56,25131.46476
94,China,2019,CHN,2019CHN,8,1433783.692,76.9,5.144120216,3.737106216,41.88879499,1.56,16092.30077
111,Cote d'Ivoire,2019,CIV,2019CIV,5,25716.554,57.8,5.392012119,1.579017311,39.64587173,1.56,5212.556048
108,Cameroon,2019,CMR,2019CMR,5,25876.387,59.3,4.936737537,1.244285448,39.90883236,1.56,3642.277258
104,Congo (Kinshasa),2019,COD,2019COD,5,86790.568,60.7,4.416484356,0.73384215,40.52924206,1.56,1097.948853
56,Congo (Brazzaville),2019,COG,2019COG,5,5380.504,64.6,5.212622643,1.048699638,47.15744747,1.56,3673.117827
3,Colombia,2019,COL,2019COL,1,50339.443,77.3,6.350297928,1.904750865,60.1651675,1.56,14624.9713
93,Comoros,2019,COM,2019COM,5,850.891,64.3,4.608616352,1.121470201,42.43860389,1.56,3059.509705
1,Costa Rica,2019,CRI,2019CRI,1,5047.561,80.3,6.997618675,2.648522266,62.05755177,1.56,20296.8215
45,Cyprus,2019,CYP,2019CYP,3,1198.574,81,6.136832714,3.974458505,49.4183661,1.56,39544.68185
58,Czech Republic,2019,CZE,2019CZE,7,10689.213,79.4,6.965628386,5.400431879,46.8144963,1.56,40828.05984
29,Germany,2019,DEU,2019DEU,3,83517.046,81.3,7.035472393,4.437431497,52.73131728,1.56,53810.56545
70,Denmark,2019,DNK,2019DNK,3,5771.877,80.9,7.693003178,7.047285091,45.32635001,1.56,57862.27828
19,Dominican Republic,2019,DOM,2019DOM,1,10738.957,74.1,6.004237175,1.927028471,54.84726134,1.56,18412.89827
62,Algeria,2019,DZA,2019DZA,4,43053.054,76.9,4.744627476,2.22316038,46.48894951,1.56,11510.55709
5,Ecuador,2019,ECU,2019ECU,1,17373.657,77,5.809131145,1.507072768,58.83121306,1.56,11375.33118
86,Egypt,2019,EGY,2019EGY,4,100388.076,72,4.327831745,1.670407029,43.17843848,1.56,11763.25364
30,Spain,2019,ESP,2019ESP,3,46736.782,83.6,6.457449436,4.142668854,52.3355153,1.56,40936.21952
133,Estonia,2019,EST,2019EST,7,1325.649,78.8,6.034641266,7.849581202,34.44290255,1.56,36947.70613
96,Ethiopia,2019,ETH,2019ETH,5,112078.727,66.6,4.099555016,0.941089192,41.72822439,1.56,2221.404605
33,Finland,2019,FIN,2019FIN,3,5532.159,81.9,7.780347824,5.758156194,51.2716938,1.56,48802.8881
31,France,2019,FRA,2019FRA,3,65129.731,82.7,6.689644337,4.409367891,51.81547019,1.56,46112.95795
109,Gabon,2019,GAB,2019GAB,5,2172.578,66.5,4.914393425,2.323540263,39.86493361,1.56,14950.0702
14,United Kingdom,2019,GBR,2019GBR,3,67530.161,81.3,7.157151222,3.948529357,55.96785254,1.56,46702.97842
78,Georgia,2019,GEO,2019GEO,7,3996.762,73.8,4.89183569,2.428397442,44.2727762,1.56,14993.12044
113,Ghana,2019,GHA,2019GHA,5,30417.858,64.1,4.96680975,2.095714691,39.52473405,1.56,5412.628122
120,Guinea,2019,GIN,2019GIN,5,12771.246,61.6,4.76768446,1.770611073,38.06100367,1.56,2562.082921
47,Greece,2019,GRC,2019GRC,3,10473.452,82.2,5.952157497,4.035081313,48.81002762,1.56,30463.04105
8,Guatemala,2019,GTM,2019GTM,1,17581.476,74.3,6.262175083,1.772629006,57.87555297,1.56,8637.464165
138,Hong Kong,2019,HKG,2019HKG,8,7436.157,84.9,5.659317017,8.601888167,33.8906582,1.56,59847.55428
9,Honduras,2019,HND,2019HND,1,9746.115,75.3,5.930051327,1.580107488,57.73411068,1.56,5727.973572
65,Croatia,2019,HRV,2019HRV,7,4130.299,78.5,5.625743866,3.641389841,46.20843547,1.56,28845.29047
119,Haiti,2019,HTI,2019HTI,1,11263.079,64,3.614928007,0.618312421,38.19941901,1.56,2905.439081
69,Hungary,2019,HUN,2019HUN,7,9684.68,76.9,6.000259876,4.067559062,45.44647998,1.56,32639.5083
44,Indonesia,2019,IDN,2019IDN,8,270625.567,71.7,5.346512794,1.735159206,49.59797812,1.56,11812.19764
128,India,2019,IND,2019IND,6,1366417.756,69.7,3.24876976,1.219981627,36.37213182,1.56,6700.062225
35,Ireland,2019,IRL,2019IRL,3,4882.498,82.3,7.254841328,5.196829053,51.14850813,1.56,86826.3351
84,Iran,2019,IRN,2019IRN,4,82913.893,76.7,5.006145954,3.115897585,43.632488,1.56,12389.22159
71,Iraq,2019,IRQ,2019IRQ,4,39309.789,70.6,4.835783005,1.736921221,45.27885667,1.56,10881.17209
52,Iceland,2019,ISL,2019ISL,3,339.037,83,7.532504559,6.455306668,47.95688519,1.56,55699.71639
49,Israel,2019,ISR,2019ISR,4,8519.373,83,7.331779957,6.11135185,48.24342147,1.56,40200.28742
40,Italy,2019,ITA,2019ITA,3,60550.092,83.5,6.445416927,4.453128053,50.69761829,1.56,42416.41671
7,Jamaica,2019,JAM,2019JAM,1,2948.277,74.5,6.309238911,1.840191003,57.90362846,1.56,9761.498522
83,Jordan,2019,JOR,2019JOR,4,10101.697,74.5,4.452548027,2.030631176,43.85457626,1.56,10071.38287
57,Japan,2019,JPN,2019JPN,8,126860.299,84.6,5.908039093,4.710935754,47.06372618,1.56,41667.1791
118,Kazakhstan,2019,KAZ,2019KAZ,7,18551.428,73.6,6.272268295,5.718624171,38.64493232,1.56,26351.80444
72,Kenya,2019,KEN,2019KEN,5,52573.967,66.7,4.618850231,0.987102409,45.18295778,1.56,4329.87139
25,Kyrgyzstan,2019,KGZ,2019KGZ,7,6415.851,71.5,5.685220718,1.439890394,53.70421002,1.56,5253.667034
51,Cambodia,2019,KHM,2019KHM,8,16486.542,69.8,4.998284817,1.364666284,47.96745103,1.56,4388.800909
110,South Korea,2019,KOR,2019KOR,8,51225.321,83,5.902816772,6.446572539,39.81907149,1.56,42878.8173
140,Kuwait,2019,KWT,2019KWT,4,4207.077,75.5,6.106119633,7.765422422,33.32497187,1.56,49853.57645
90,Laos,2019,LAO,2019LAO,8,7169.456,67.9,5.196856022,2.275418923,42.78420143,1.56,7826.388595
116,Lebanon,2019,LBN,2019LBN,4,6855.709,78.9,4.024219513,3.051294827,38.99983124,1.56,14551.58522
66,Liberia,2019,LBR,2019LBR,5,4937.374,64.1,5.121460915,1.065146506,46.0225342,1.56,1427.81909
91,Libya,2019,LBY,2019LBY,4,6777.453,72.9,5.33022213,3.208879734,42.68543403,1.56,15174.16475
60,Sri Lanka,2019,LKA,2019LKA,6,21323.734,77,4.213299274,1.501491981,46.79711602,1.56,13078.09812
149,Lesotho,2019,LSO,2019LSO,5,2125.267,54.3,3.5117805,1.453869813,27.30855036,1.56,2704.415261
125,Lithuania,2019,LTU,2019LTU,7,2759.631,75.9,6.064097881,6.418018228,36.85726815,1.56,37181.00294
143,Luxembourg,2019,LUX,2019LUX,3,615.73,82.3,7.404015541,12.58940703,31.72336953,1.56,114304.0442
136,Latvia,2019,LVA,2019LVA,7,1906.74,75.3,5.969753742,7.151485607,34.14497266,1.56,30965.45186
39,Morocco,2019,MAR,2019MAR,4,36471.766,76.7,5.056751728,1.822641984,50.87309546,1.56,7514.720881
37,Moldova,2019,MDA,2019MDA,7,4043.258,71.9,5.803450584,2.041505872,50.96889516,1.56,13022.0046
80,Madagascar,2019,MDG,2019MDG,5,26969.306,67,4.339087486,0.86518582,44.1806548,1.56,1647.02116
23,Mexico,2019,MEX,2019MEX,1,127575.529,75,6.431945324,2.578322892,54.33059101,1.56,19765.91608
82,North Macedonia,2019,MKD,2019MKD,7,2083.458,75.8,5.015485287,2.953336353,43.85874421,1.56,16660.45011
114,Mali,2019,MLI,2019MLI,5,19658.023,59.3,4.98799181,1.414121906,39.34192686,1.56,2321.594445
85,Malta,2019,MLT,2019MLT,3,440.377,82.5,6.73297739,6.501664888,43.5028292,1.56,43585.36486
107,Myanmar,2019,MMR,2019MMR,8,54045.422,67.1,4.43423748,1.751745181,40.04479079,1.56,5142.154166
101,Montenegro,2019,MNE,2019MNE,7,627.988,76.9,5.386024952,4.222767782,41.33038029,1.56,21602.69568
151,Mongolia,2019,MNG,2019MNG,8,3225.166,69.9,5.562905312,10.08471331,24.46703662,1.56,12316.78755
79,Mozambique,2019,MOZ,2019MOZ,5,30366.043,60.9,4.932132721,0.720906458,44.18803798,1.56,1281.391836
132,Mauritania,2019,MRT,2019MRT,5,4525.698,64.9,4.152619362,2.244926551,34.66241836,1.56,5197.074547
32,Mauritius,2019,MUS,2019MUS,5,1269.67,75,6.241165161,2.851947239,51.52077767,1.56,22870.28625
117,Malawi,2019,MWI,2019MWI,5,18628.749,64.3,3.869123697,0.8931181,38.70654232,1.56,1059.72349
95,Malaysia,2019,MYS,2019MYS,8,31949.789,76.2,5.427954197,4.06984805,41.74073777,1.56,28364.48697
126,Namibia,2019,NAM,2019NAM,5,2494.524,63.7,4.435811043,1.94275258,36.80911639,1.56,9637.180351
100,Niger,2019,NER,2019NER,5,23310.719,62.4,5.003544331,1.51281053,41.35091295,1.56,1224.510472
137,Nigeria,2019,NGA,2019NGA,5,200963.603,54.7,4.356419086,0.992864564,34.13821364,1.56,5135.499571
16,Nicaragua,2019,NIC,2019NIC,1,6545.503,74.5,6.112545013,2.03830319,55.19364394,1.56,5407.1207
18,Netherlands,2019,NLD,2019NLD,3,17097.123,82.3,7.42526865,4.593482329,54.94941705,1.56,56809.96717
38,Norway,2019,NOR,2019NOR,3,5378.859,82.4,7.442139626,5.509702465,50.87519275,1.56,64962.26227
27,Nepal,2019,NPL,2019NPL,6,28608.715,70.8,5.448724747,1.202942693,53.05560432,1.56,3416.791282
11,New Zealand,2019,NZL,2019NZL,2,4783.062,82.3,7.205174446,3.873951708,57.43448131,1.56,43148.44605
73,Pakistan,2019,PAK,2019PAK,6,216565.317,67.3,4.442717552,0.873785382,45.10544179,1.56,4690.484755
6,Panama,2019,PAN,2019PAN,1,4246.44,78.5,6.085955143,2.095497138,57.93216985,1.56,31458.69263
15,Peru,2019,PER,2019PER,1,32510.462,76.7,5.999381542,2.087987089,55.89352023,1.56,12847.88521
12,Philippines,2019,PHL,2019PHL,8,108116.622,71.2,6.267745018,1.502025499,57.10321898,1.56,8908.175977
74,Poland,2019,POL,2019POL,7,37887.771,78.7,6.24209404,4.770052414,45.0226049,1.56,33226.26592
63,Portugal,2019,PRT,2019PRT,3,10226.178,82,6.095473289,4.776021175,46.26293284,1.56,34904.68577
55,Paraguay,2019,PRY,2019PRY,1,7044.639,74.3,5.652625561,2.795780376,47.60305593,1.56,12685.1134
42,"Palestine, State of",2019,PSE,2019PSE,4,4981.422,74,4.48253727,0.935436498,50.25928365,1.56,6219.960291
152,Qatar,2019,QAT,2019QAT,4,2832.071,80.2,6.374529362,15.03758856,24.32655376,1.56,90043.92618
64,Romania,2019,ROU,2019ROU,7,19364.558,76,6.129942417,3.925004477,46.21227471,1.56,29968.57521
131,Russia,2019,RUS,2019RUS,7,145872.26,72.6,5.440523624,5.463714556,34.92504653,1.56,27043.93539
115,Rwanda,2019,RWA,2019RWA,5,12626.938,69,3.268152237,0.606204969,39.23448403,1.56,2226.863571
97,Saudi Arabia,2019,SAU,2019SAU,4,34268.529,75.1,6.561247349,5.516561892,41.61211706,1.56,46962.14906
112,Sudan,2019,SDN,2019SDN,5,42813.237,65.3,4.241629481,1.337276684,39.60313347,1.56,3958.46839
34,Senegal,2019,SEN,2019SEN,5,16296.362,67.9,5.488736629,1.15246151,51.19518904,1.56,3394.868808
68,Singapore,2019,SGP,2019SGP,8,5804.343,83.6,6.378359795,5.598810316,45.54925389,1.56,97341.46865
147,Sierra Leone,2019,SLE,2019SLE,5,7813.207,54.7,3.447381496,0.966944784,29.01673937,1.56,1718.276712
13,El Salvador,2019,SLV,2019SLV,1,6453.55,73.3,6.454820633,2.06497864,56.32657529,1.56,8775.98652
26,Serbia,2019,SRB,2019SRB,7,8772.228,76,6.241407394,2.691386041,53.21580638,1.56,18350.58731
61,Slovakia,2019,SVK,2019SVK,7,5457.012,77.5,6.243428707,4.217127795,46.57431406,1.56,31965.32847
53,Slovenia,2019,SVN,2019SVN,7,2078.654,81.3,6.665273666,5.045764978,47.88454788,1.56,39029.72579
41,Sweden,2019,SWE,2019SWE,3,10036.391,82.8,7.398092747,5.605593113,50.50051612,1.56,52642.3152
130,Eswatini,2019,SWZ,2019SWZ,5,1148.133,60.2,4.396114826,1.670769722,35.34532956,1.56,8621.826595
145,Chad,2019,TCD,2019TCD,5,15946.882,54.2,4.250799179,1.671389473,30.36278983,1.56,1579.626695
123,Togo,2019,TGO,2019TGO,5,8082.359,61,4.179493904,1.093472558,37.31041453,1.56,1596.644938
28,Thailand,2019,THA,2019THA,8,69625.581,77.2,6.02215147,2.657845518,52.90452836,1.56,18459.99486
17,Tajikistan,2019,TJK,2019TJK,7,9321.023,71.1,5.464015484,0.964901584,55.15297812,1.56,3379.748697
141,Turkmenistan,2019,TKM,2019TKM,7,5942.094,68.2,5.474299908,5.360309534,32.95738249,1.56,..
144,Trinidad and Tobago,2019,TTO,2019TTO,1,1394.969,73.5,6.191859722,8.243828751,31.61280299,1.56,26175.83698
81,Tunisia,2019,TUN,2019TUN,4,11694.721,76.7,4.315479755,2.118263819,43.92253442,1.56,10755.60815
102,Turkey,2019,TUR,2019TUR,4,83429.607,77.7,4.87207365,3.610031436,41.28234798,1.56,28289.0888
87,Taiwan,2019,TWN,2019TWN,8,23773.881,80.4627,6.537089825,5.969634938,43.15363214,1.56,#N/A
124,Tanzania,2019,TZA,2019TZA,5,58005.461,65.5,3.640154839,1.093729383,36.95833825,1.56,2660.420338
76,Uganda,2019,UGA,2019UGA,5,44269.587,63.4,4.948051453,0.98585989,44.76973343,1.56,2187.464881
103,Ukraine,2019,UKR,2019UKR,7,43993.643,72.1,4.701762199,2.643290808,40.90280442,1.56,12810.28945
10,Uruguay,2019,URY,2019URY,1,3461.731,77.9,6.600337029,2.621885465,57.53003585,1.56,21561.06205
122,United States of America,2019,USA,2019USA,2,329064.917,78.9,6.943701267,8.21127422,37.44571593,1.56,62530.38959
24,Uzbekistan,2019,UZB,2019UZB,7,32981.715,71.7,6.154049397,1.882619055,54.14126925,1.56,6998.767576
46,Venezuela,2019,VEN,2019VEN,1,28515.829,72.1,5.080803394,1.593181787,48.94059614,1.56,..
48,Vietnam,2019,VNM,2019VNM,8,96462.108,75.4,5.467451096,2.56373618,48.44459745,1.56,8041.178551
2,Vanuatu,2019,VUT,2019VUT,8,299.882,70.5,6.955620317,1.61609366,60.36387581,1.56,3153.015168
77,Yemen,2019,YEM,2019YEM,4,29161.922,66.1,4.196912766,0.515748973,44.62843323,1.56,..
129,South Africa,2019,ZAF,2019ZAF,5,58558.267,64.1,5.034863472,2.966766551,36.20526477,1.56,12481.81351
134,Zambia,2019,ZMB,2019ZMB,5,17861.034,63.9,3.306796551,0.931228935,34.41091087,1.56,3470.448801
148,Zimbabwe,2019,ZWE,2019ZWE,5,14645.473,61.5,2.693523169,0.980442271,28.64019133,1.56,2835.948532
